insert into local_publico values (42.546245, 1.601554, 'Andorra');
insert into local_publico values (23.424076, 53.847818, 'United');
insert into local_publico values (33.93911, 67.709953, 'Afghanistan');
insert into item values (1, '";th`Zo#8}?{:Sr|B:/{5+<,/k5Vd><CbV"', 'Afghanistan', 33.93911, 67.709953);
insert into local_publico values (17.060816, -61.796428, 'Antigua');
insert into item values (2, '<;/ &D57}sdJ3)|(n?&duJ)z@uNE=$N8&?%|#q`W+S&<F)A2}', 'Antigua', 17.060816, -61.796428);
insert into local_publico values (18.220554, -63.068615, 'Anguilla');
insert into local_publico values (41.153332, 20.168331, 'Albania');
insert into item values (3, '",0;Mt~"', 'Albania', 41.153332, 20.168331);
insert into local_publico values (40.069099, 45.038189, 'Armenia');
insert into item values (4, '"3RE6e=/9L)cR0\8VIpgCYI9j~8=.7OBOj *TeC_{ndc]Ht{,0pes;z|f[vuP0`"', 'Armenia', 40.069099, 45.038189);
insert into local_publico values (12.226079, -69.060087, 'Netherlands');
insert into item values (5, 'asdZ}HAW)U u7z-l', 'Netherlands', 12.226079, -69.060087);
insert into duplicado values (5, 3);
insert into local_publico values (-11.202692, 17.873887, 'Angola');
insert into item values (6, 'Jr77mVP?<9U<TnAcXt;K.K1~A', 'Angola', -11.202692, 17.873887);
insert into local_publico values (-75.250973, -0.071389, 'Antarctica');
insert into local_publico values (-38.416097, -63.616672, 'Argentina');
insert into local_publico values (-14.270972, -170.132217, 'American');
insert into local_publico values (47.516231, 14.550072, 'Austria');
insert into item values (7, '"vTpD;!Tm:RMk~GJ;@Lm@^,M4: ~H&;(X9G5@[\=&6bP`7.Vri"', 'Austria', 47.516231, 14.550072);
insert into local_publico values (-25.274398, 133.775136, 'Australia');
insert into local_publico values (12.52111, -69.968338, 'Aruba');
insert into item values (8, 'xN;\w~hhk6Mp[\}\LF7(/Cb%:Dov<mq$~BC}^TinZHzu8Z(t4N}hm', 'Aruba', 12.52111, -69.968338);
insert into local_publico values (40.143105, 47.576927, 'Azerbaijan');
insert into local_publico values (43.915886, 17.679076, 'Bosnia');
insert into item values (9, 'q01rD2HIs', 'Bosnia', 43.915886, 17.679076);
insert into local_publico values (13.193887, -59.543198, 'Barbados');
insert into local_publico values (23.684994, 90.356331, 'Bangladesh');
insert into local_publico values (50.503887, 4.469936, 'Belgium');
insert into local_publico values (12.238333, -1.561593, 'Burkina');
insert into local_publico values (42.733883, 25.48583, 'Bulgaria');
insert into local_publico values (25.930414, 50.637772, 'Bahrain');
insert into item values (10, '"XKobQ QuEzb}L%fJAJPK-rQTl1Geu9S,&1gv7bIS15rjv$$(!(xCB"', 'Bahrain', 25.930414, 50.637772);
insert into duplicado values (10, 7);
insert into local_publico values (-3.373056, 29.918886, 'Burundi');
insert into item values (11, '"L>g!GYowGpQbM{4`w5;.oqDF Yk,5Z<~eI:E,C"', 'Burundi', -3.373056, 29.918886);
insert into local_publico values (9.30769, 2.315834, 'Benin');
insert into item values (12, 'VTM6K', 'Benin', 9.30769, 2.315834);
insert into local_publico values (32.321384, -64.75737, 'Bermuda');
insert into local_publico values (4.535277, 114.727669, 'Brunei');
insert into local_publico values (-16.290154, -63.588653, 'Bolivia');
insert into local_publico values (-14.235004, -51.92528, 'Brazil');
insert into item values (13, '"f(1$!F7Pl;-y!D@Ei~$a7*Bg,\.jfQ0;l"', 'Brazil', -14.235004, -51.92528);
insert into local_publico values (25.03428, -77.39628, 'Bahamas');

insert into utilizador values ('return', 'spread');
insert into utilizador_regular values ('return');
insert into utilizador values ('beautiful', 'should');
insert into utilizador_regular values ('beautiful');
insert into utilizador values ('powder', 'softly');
insert into utilizador_regular values ('powder');
insert into utilizador values ('president', 'without');
insert into utilizador_regular values ('president');
insert into utilizador values ('organized', 'motor');
insert into utilizador_qualificado values ('organized');
insert into utilizador values ('forward', 'deep');
insert into utilizador_qualificado values ('forward');
insert into utilizador values ('whatever', 'score');
insert into utilizador_regular values ('whatever');
insert into utilizador values ('facing', 'kill');
insert into utilizador_regular values ('facing');
insert into utilizador values ('sea', 'year');
insert into utilizador_regular values ('sea');
insert into utilizador values ('decide', 'hollow');
insert into utilizador_regular values ('decide');
insert into utilizador values ('especially', 'club');
insert into utilizador_regular values ('especially');
insert into utilizador values ('sense', 'number');
insert into utilizador_qualificado values ('sense');
insert into utilizador values ('alive', 'gone');
insert into utilizador_regular values ('alive');
insert into utilizador values ('early', 'instant');
insert into utilizador_qualificado values ('early');
insert into utilizador values ('aware', 'factory');
insert into utilizador_qualificado values ('aware');
insert into utilizador values ('separate', 'leaving');
insert into utilizador_qualificado values ('separate');
insert into utilizador values ('stone', 'thy');
insert into utilizador_regular values ('stone');
insert into utilizador values ('die', 'sentence');
insert into utilizador_regular values ('die');
insert into utilizador values ('against', 'sad');
insert into utilizador_regular values ('against');
insert into utilizador values ('cake', 'deal');
insert into utilizador_regular values ('cake');
insert into utilizador values ('scene', 'noted');
insert into utilizador_qualificado values ('scene');
insert into utilizador values ('expect', 'alphabet');
insert into utilizador_qualificado values ('expect');
insert into utilizador values ('bad', 'half');
insert into utilizador_regular values ('bad');
insert into utilizador values ('bent', 'stared');
insert into utilizador_qualificado values ('bent');
insert into utilizador values ('live', 'fourth');
insert into utilizador_regular values ('live');
insert into utilizador values ('horse', 'scienc');
insert into utilizador_regular values ('horse');

insert into anomalia values (0, '( ( 10 , 10 ) , ( 20 , 20 ) )', 'PLACEHOlDER FOR BYTEA', 'Saraiki', '";th`Zo#8}?{:Sr|B:/{5+<,/k5Vd><CbV"', TRUE);
insert into anomalia_traducao values (0, '( ( 20 , 20 ) , ( 30 , 30 ) )', 'Amharic');
insert into anomalia values (1, '( ( 10 , 10 ) , ( 20 , 20 ) )', 'PLACEHOlDER FOR BYTEA', 'Spanish', '<;/ &D57}sdJ3)|(n?&duJ)z@uNE=$N8&?%|#q`W+S&<F)A2}', TRUE);
insert into anomalia values (2, '( ( 10 , 10 ) , ( 20 , 20 ) )', 'PLACEHOlDER FOR BYTEA', 'Eastern', '",0;Mt~"', TRUE);
insert into anomalia values (3, '( ( 10 , 10 ) , ( 20 , 20 ) )', 'PLACEHOlDER FOR BYTEA', 'Russian', '"3RE6e=/9L)cR0\8VIpgCYI9j~8=.7OBOj *TeC_{ndc]Ht{,0pes;z|f[vuP0`"', TRUE);
insert into anomalia values (4, '( ( 10 , 10 ) , ( 20 , 20 ) )', 'PLACEHOlDER FOR BYTEA', 'Min', 'asdZ}HAW)U u7z-l', TRUE);
insert into anomalia values (5, '( ( 10 , 10 ) , ( 20 , 20 ) )', 'PLACEHOlDER FOR BYTEA', 'Algerian', 'Jr77mVP?<9U<TnAcXt;K.K1~A', TRUE);
insert into anomalia values (6, '( ( 10 , 10 ) , ( 20 , 20 ) )', 'PLACEHOlDER FOR BYTEA', 'Kinyarwanda', '"vTpD;!Tm:RMk~GJ;@Lm@^,M4: ~H&;(X9G5@[\=&6bP`7.Vri"', TRUE);
insert into anomalia_traducao values (6, '( ( 20 , 20 ) , ( 30 , 30 ) )', 'South');
insert into anomalia values (7, '( ( 10 , 10 ) , ( 20 , 20 ) )', 'PLACEHOlDER FOR BYTEA', 'Spanish', 'xN;\w~hhk6Mp[\}\LF7(/Cb%:Dov<mq$~BC}^TinZHzu8Z(t4N}hm', TRUE);
insert into anomalia values (8, '( ( 10 , 10 ) , ( 20 , 20 ) )', 'PLACEHOlDER FOR BYTEA', 'Deccan', 'q01rD2HIs', TRUE);
insert into anomalia values (9, '( ( 10 , 10 ) , ( 20 , 20 ) )', 'PLACEHOlDER FOR BYTEA', 'Northern', '"XKobQ QuEzb}L%fJAJPK-rQTl1Geu9S,&1gv7bIS15rjv$$(!(xCB"', TRUE);
insert into anomalia values (10, '( ( 10 , 10 ) , ( 20 , 20 ) )', 'PLACEHOlDER FOR BYTEA', 'Taʽizzi-Adeni', '"L>g!GYowGpQbM{4`w5;.oqDF Yk,5Z<~eI:E,C"', TRUE);
insert into anomalia values (11, '( ( 10 , 10 ) , ( 20 , 20 ) )', 'PLACEHOlDER FOR BYTEA', 'North', 'VTM6K', TRUE);
insert into anomalia values (12, '( ( 10 , 10 ) , ( 20 , 20 ) )', 'PLACEHOlDER FOR BYTEA', 'Saraiki', '"f(1$!F7Pl;-y!D@Ei~$a7*Bg,\.jfQ0;l"', TRUE);
insert into anomalia_traducao values (12, '( ( 20 , 20 ) , ( 30 , 30 ) )', 'Min');
insert into anomalia values (13, '( ( 10 , 10 ) , ( 20 , 20 ) )', 'PLACEHOlDER FOR BYTEA', 'Hejazi', 'ZG(%A@!.4FrYhE4k{zDNna!^?\-am;Tv.I)a', TRUE);
insert into anomalia values (14, '( ( 10 , 10 ) , ( 20 , 20 ) )', 'PLACEHOlDER FOR BYTEA', 'Sudanese', 'e;NFKPDz_oH%>hx}|5]h>>cD&<QVoC9a>L', TRUE);
insert into anomalia values (15, '( ( 10 , 10 ) , ( 20 , 20 ) )', 'PLACEHOlDER FOR BYTEA', 'Korean', '9$L!acXxI1nZhZ8', TRUE);
insert into anomalia values (16, '( ( 10 , 10 ) , ( 20 , 20 ) )', 'PLACEHOlDER FOR BYTEA', 'Ukrainian', '"D/@R9RY+Dcm~]SmWy|I`2I!|*5Vz_iiR,i\qGo[^s]L5R%FW*; yZ;.oR-M"', TRUE);
insert into anomalia values (17, '( ( 10 , 10 ) , ( 20 , 20 ) )', 'PLACEHOlDER FOR BYTEA', 'Mandarin', '{-', TRUE);
insert into anomalia values (18, '( ( 10 , 10 ) , ( 20 , 20 ) )', 'PLACEHOlDER FOR BYTEA', 'Southern', 'd;eAw?MD#[_OuzurMd~Z3i', TRUE);
insert into anomalia_traducao values (18, '( ( 20 , 20 ) , ( 30 , 30 ) )', 'Cebuano');
insert into anomalia values (19, '( ( 10 , 10 ) , ( 20 , 20 ) )', 'PLACEHOlDER FOR BYTEA', 'Javanese', '@]%8-yZ6sA<mmDD3}|M>[9gp9WZj/4v`x*7MQ~S|9Cl}C{%4&#+yH=8F(`p', TRUE);
insert into anomalia values (20, '( ( 10 , 10 ) , ( 20 , 20 ) )', 'PLACEHOlDER FOR BYTEA', 'Chittagonian', 'Cnd8Ckp7=;e671:}o:#PY7auh', TRUE);
insert into anomalia values (21, '( ( 10 , 10 ) , ( 20 , 20 ) )', 'PLACEHOlDER FOR BYTEA', 'Sanaani', '3I.QPl3YA', TRUE);
insert into anomalia values (22, '( ( 10 , 10 ) , ( 20 , 20 ) )', 'PLACEHOlDER FOR BYTEA', 'Japanese', '"y56|!>]zy 6ZWU\yI)&gpT6xbk`mK&,F$:VX"', TRUE);
insert into anomalia values (23, '( ( 10 , 10 ) , ( 20 , 20 ) )', 'PLACEHOlDER FOR BYTEA', 'Tamil', 'pD;v#wO_F!76>KdMCTKv9(zosc+E8LP%a', TRUE);
insert into anomalia values (24, '( ( 10 , 10 ) , ( 20 , 20 ) )', 'PLACEHOlDER FOR BYTEA', 'Deccan', '"(bXHF#^T @HDI,DIy"', TRUE);
insert into anomalia_traducao values (24, '( ( 20 , 20 ) , ( 30 , 30 ) )', 'South');
insert into anomalia values (25, '( ( 10 , 10 ) , ( 20 , 20 ) )', 'PLACEHOlDER FOR BYTEA', 'Jin', '"j,me{P&Xv&%vh&sGIwGKQC,]1yt5~$sT+=m"', TRUE);
insert into anomalia values (26, '( ( 10 , 10 ) , ( 20 , 20 ) )', 'PLACEHOlDER FOR BYTEA', 'Turkish', 'K&NgN]', TRUE);
insert into anomalia values (27, '( ( 10 , 10 ) , ( 20 , 20 ) )', 'PLACEHOlDER FOR BYTEA', 'Chhattisgarhi', '" ?d2`#)dHgY/cc=C+P/7(\/XJQULEQS{-+[OF{[d0q=c-B"', TRUE);
insert into anomalia values (28, '( ( 10 , 10 ) , ( 20 , 20 ) )', 'PLACEHOlDER FOR BYTEA', 'Hakka', '+8\sl7xH8wU<t6+;9sHC4jkF@g{n; qI', TRUE);
insert into anomalia values (29, '( ( 10 , 10 ) , ( 20 , 20 ) )', 'PLACEHOlDER FOR BYTEA', 'Min', '%E1yO*e2s[lKND>>s(n$6A_|^5i U.0. R94[BG;a\', TRUE);
insert into anomalia values (30, '( ( 10 , 10 ) , ( 20 , 20 ) )', 'PLACEHOlDER FOR BYTEA', 'Egyptian', '>F+LsN{d.V?%v>I;{G7K??~WVi$jk)jZ^wrZ)6RTA>t7CbFg}x{:8i', TRUE);
insert into anomalia_traducao values (30, '( ( 20 , 20 ) , ( 30 , 30 ) )', 'Yoruba');
insert into anomalia values (31, '( ( 10 , 10 ) , ( 20 , 20 ) )', 'PLACEHOlDER FOR BYTEA', 'Chittagonian', 'Y(=?g', TRUE);
insert into anomalia values (32, '( ( 10 , 10 ) , ( 20 , 20 ) )', 'PLACEHOlDER FOR BYTEA', 'Japanese', 'Cat:N6le~/Vz04*}K\R[_khZ-6>P%NSMBiyRZ6]W1hw}R`vA', TRUE);
insert into anomalia values (33, '( ( 10 , 10 ) , ( 20 , 20 ) )', 'PLACEHOlDER FOR BYTEA', 'Sindhi', '"wJqin36(WhGmpPUDl^ST{>79kh!sEA(odku,3ddkm9@%FoX{51,;"', TRUE);
insert into anomalia values (34, '( ( 10 , 10 ) , ( 20 , 20 ) )', 'PLACEHOlDER FOR BYTEA', 'Korean', '":W^/O#EzSsT%\w{e.o/D.Ri?EEP#-t,J^FaI[d2Oz}6Jy-w"', TRUE);
insert into anomalia values (35, '( ( 10 , 10 ) , ( 20 , 20 ) )', 'PLACEHOlDER FOR BYTEA', 'Assamese', '"^W&a6zMZnO#4~l&pI/gx|:R(90s:w0L5&,k4;\`7?-|ZG"', TRUE);
insert into anomalia values (36, '( ( 10 , 10 ) , ( 20 , 20 ) )', 'PLACEHOlDER FOR BYTEA', 'Yoruba', 'bGC{SV^7rbe#b2url]cRmekY\7#', TRUE);
insert into anomalia_traducao values (36, '( ( 20 , 20 ) , ( 30 , 30 ) )', 'Sinhala');
insert into anomalia values (37, '( ( 10 , 10 ) , ( 20 , 20 ) )', 'PLACEHOlDER FOR BYTEA', 'Gujarati', 'tl#n%b&Z_:QysiB_uL8#Xw8GK!\', TRUE);
insert into anomalia values (38, '( ( 10 , 10 ) , ( 20 , 20 ) )', 'PLACEHOlDER FOR BYTEA', 'Amharic', '%2-<&/:wS}$p`b8sGMzG%Q8H3)Kp 4t=gWTFo-ml]9Z|aSu$(n4}Gpp', TRUE);
insert into anomalia values (39, '( ( 10 , 10 ) , ( 20 , 20 ) )', 'PLACEHOlDER FOR BYTEA', 'Malay', '!vU|/=58[_1t5BgnCn4D!u#|}', TRUE);
insert into anomalia values (40, '( ( 10 , 10 ) , ( 20 , 20 ) )', 'PLACEHOlDER FOR BYTEA', 'Sindhi', '5c^vHnhp=\ |j.o`_[^S^VpcOb|jSb!OnX3-[ly^@!5B)-:+3(0)/p+', TRUE);
insert into anomalia values (41, '( ( 10 , 10 ) , ( 20 , 20 ) )', 'PLACEHOlDER FOR BYTEA', 'Gan', 'oFlP:n9IfD{Lq:o@pL', TRUE);
insert into anomalia values (42, '( ( 10 , 10 ) , ( 20 , 20 ) )', 'PLACEHOlDER FOR BYTEA', 'South', '5nCzdR6N#WQ}VH5?', TRUE);
insert into anomalia_traducao values (42, '( ( 20 , 20 ) , ( 30 , 30 ) )', 'Western');
insert into anomalia values (43, '( ( 10 , 10 ) , ( 20 , 20 ) )', 'PLACEHOlDER FOR BYTEA', 'South', '"^[pC[{lu4$*zBbb{S;.U]},{Ou"', TRUE);
insert into anomalia values (44, '( ( 10 , 10 ) , ( 20 , 20 ) )', 'PLACEHOlDER FOR BYTEA', 'German', '.h .XBZq#Qok4T=gxW7WRQKH^`mFAvR/>', TRUE);
insert into anomalia values (45, '( ( 10 , 10 ) , ( 20 , 20 ) )', 'PLACEHOlDER FOR BYTEA', 'Telugu', 'dg!*N.C?.u*Ldl|zEA{t5z!B', TRUE);
insert into anomalia values (46, '( ( 10 , 10 ) , ( 20 , 20 ) )', 'PLACEHOlDER FOR BYTEA', 'Korean', 'V8*tN6Q7LG U7<c&kL@UuEY1C4s\<K0LO;N&]^)%nR(NE~\k)Q?\PGz:RE', TRUE);
insert into anomalia values (47, '( ( 10 , 10 ) , ( 20 , 20 ) )', 'PLACEHOlDER FOR BYTEA', 'Cebuano', '"N@Os yL#S`oy|,$<7Uz^e4m@[9z8Lg_p7&"', TRUE);
insert into anomalia values (48, '( ( 10 , 10 ) , ( 20 , 20 ) )', 'PLACEHOlDER FOR BYTEA', 'Rundi', '":/no;>J%^+vrc5?,(NT4<DX8IM(V%3u@/+55KK0a]{GhgB#3"', TRUE);
insert into anomalia_traducao values (48, '( ( 20 , 20 ) , ( 30 , 30 ) )', 'Vietnamese');
insert into anomalia values (49, '( ( 10 , 10 ) , ( 20 , 20 ) )', 'PLACEHOlDER FOR BYTEA', 'Korean', '"TCVWB[9qBoTshyE$,,pye]V )"', TRUE);
insert into anomalia values (50, '( ( 10 , 10 ) , ( 20 , 20 ) )', 'PLACEHOlDER FOR BYTEA', 'Kannada', '2?O', TRUE);
insert into anomalia values (51, '( ( 10 , 10 ) , ( 20 , 20 ) )', 'PLACEHOlDER FOR BYTEA', 'Tunisian', 'sGGm)vFN#@oO96+pfQZ}GHh:Re94', TRUE);
insert into anomalia values (52, '( ( 10 , 10 ) , ( 20 , 20 ) )', 'PLACEHOlDER FOR BYTEA', 'Cebuano', '*fp}EZrjP$ +%<ZGjF5E?U2y9-Q<iJy;`R%tw=zu!U[?\Bqr;2o@_gwr', TRUE);
insert into anomalia values (53, '( ( 10 , 10 ) , ( 20 , 20 ) )', 'PLACEHOlDER FOR BYTEA', 'Odia', '"Z+3uPSG2|GoWxC>,w&NDW_"', TRUE);
insert into anomalia values (54, '( ( 10 , 10 ) , ( 20 , 20 ) )', 'PLACEHOlDER FOR BYTEA', 'Sanaani', 'R0n:N3h|/.43oab[jo|3G6w2{#a*e?VY10_{m0N26 -K>K3', TRUE);
insert into anomalia_traducao values (54, '( ( 20 , 20 ) , ( 30 , 30 ) )', 'Khmer');
insert into anomalia values (55, '( ( 10 , 10 ) , ( 20 , 20 ) )', 'PLACEHOlDER FOR BYTEA', 'Czech', '~jP\\&{\hQskMjA$(o@|>_qn', TRUE);
insert into anomalia values (56, '( ( 10 , 10 ) , ( 20 , 20 ) )', 'PLACEHOlDER FOR BYTEA', 'Sinhala', '@.2ZmwXh_0|nmV\]kFT*)[CK:', TRUE);
insert into anomalia values (57, '( ( 10 , 10 ) , ( 20 , 20 ) )', 'PLACEHOlDER FOR BYTEA', 'Jin', '"r,f/O!1f-<t1ZTud(\@|Js>"', TRUE);
insert into anomalia values (58, '( ( 10 , 10 ) , ( 20 , 20 ) )', 'PLACEHOlDER FOR BYTEA', 'Burmese', '~_Rr>[BBAL.da4:_:PdJ*M-^()>yPtW^30)jrx', TRUE);
insert into anomalia values (59, '( ( 10 , 10 ) , ( 20 , 20 ) )', 'PLACEHOlDER FOR BYTEA', 'Japanese', 'Qm7', TRUE);
insert into anomalia values (60, '( ( 10 , 10 ) , ( 20 , 20 ) )', 'PLACEHOlDER FOR BYTEA', 'isolate', 'lbco-u', TRUE);
insert into anomalia_traducao values (60, '( ( 20 , 20 ) , ( 30 , 30 ) )', 'Taʽizzi-Adeni');
insert into anomalia values (61, '( ( 10 , 10 ) , ( 20 , 20 ) )', 'PLACEHOlDER FOR BYTEA', 'Spanish', '"zWJ-9#Vs_zr&!Ib,)>EV(wL/)zRPeS8[tPRN/ n"', TRUE);
insert into anomalia values (62, '( ( 10 , 10 ) , ( 20 , 20 ) )', 'PLACEHOlDER FOR BYTEA', 'Tunisian', '"$;CjJXcAUEUB@%(3ieSai$v,Ys$m<tFG=yLeFT%SiF3#,-SmO{_f^V/fyTO*"', TRUE);
insert into anomalia values (63, '( ( 10 , 10 ) , ( 20 , 20 ) )', 'PLACEHOlDER FOR BYTEA', 'Min', '(+=SNq2]&d4fz?*1fi/2wa!SrW^vz3BlNVj;k2B!Zq\Vo!b)BrL.o', TRUE);
insert into anomalia values (64, '( ( 10 , 10 ) , ( 20 , 20 ) )', 'PLACEHOlDER FOR BYTEA', 'Moroccan', '"$^A(Z:T3k-HX`&P&,Ys**5At|G`G{n+Jpi^psDHd#!p"', TRUE);
insert into anomalia values (65, '( ( 10 , 10 ) , ( 20 , 20 ) )', 'PLACEHOlDER FOR BYTEA', 'Jin', 'U5D)+Z2}J', TRUE);
insert into anomalia values (66, '( ( 10 , 10 ) , ( 20 , 20 ) )', 'PLACEHOlDER FOR BYTEA', 'Yoruba', 'd?`%(ji7%ptTX5E', TRUE);
insert into anomalia_traducao values (66, '( ( 20 , 20 ) , ( 30 , 30 ) )', 'Khmer');
insert into anomalia values (67, '( ( 10 , 10 ) , ( 20 , 20 ) )', 'PLACEHOlDER FOR BYTEA', 'German', 'e0il7a', TRUE);
insert into anomalia values (68, '( ( 10 , 10 ) , ( 20 , 20 ) )', 'PLACEHOlDER FOR BYTEA', 'Magahi', '"F (hN.!U@AT^=u0,Wf{KsqQb[]Nsy,tInhH^rfApuTHPtRW$,7"', TRUE);
insert into anomalia values (69, '( ( 10 , 10 ) , ( 20 , 20 ) )', 'PLACEHOlDER FOR BYTEA', 'Bhojpuri', '"&q_G,uWU"', TRUE);
insert into anomalia values (70, '( ( 10 , 10 ) , ( 20 , 20 ) )', 'PLACEHOlDER FOR BYTEA', 'Sindhi', '"p(q2.0nbj}F{ ,(-&)-QKAI\)]E9&aJJ[$^"', TRUE);
insert into anomalia values (71, '( ( 10 , 10 ) , ( 20 , 20 ) )', 'PLACEHOlDER FOR BYTEA', 'Sudanese', ';.+', TRUE);
insert into anomalia values (72, '( ( 10 , 10 ) , ( 20 , 20 ) )', 'PLACEHOlDER FOR BYTEA', 'Malayalam', '$-7MjB|Es=5c*4r;Uzf.<sOx64U3a4O>', TRUE);
insert into anomalia_traducao values (72, '( ( 20 , 20 ) , ( 30 , 30 ) )', 'Mesopotamian');
insert into anomalia values (73, '( ( 10 , 10 ) , ( 20 , 20 ) )', 'PLACEHOlDER FOR BYTEA', 'Kannada', '"LN,pZf 9ENp_6I)nf |\3`W?7QD`CsjU{g7W!"', TRUE);
insert into anomalia values (74, '( ( 10 , 10 ) , ( 20 , 20 ) )', 'PLACEHOlDER FOR BYTEA', 'Algerian', '"<yF?^o=S:3=7+0!M,empXDTZV!^^;cxXMp}ox,<pI?ra[{_Q6; eVG94m"', TRUE);
insert into anomalia values (75, '( ( 10 , 10 ) , ( 20 , 20 ) )', 'PLACEHOlDER FOR BYTEA', 'Yue', '=R=gW7sY!?Ds!c;kIoJG', TRUE);
insert into anomalia values (76, '( ( 10 , 10 ) , ( 20 , 20 ) )', 'PLACEHOlDER FOR BYTEA', 'Khmer', '"l/&CngGSC.JX]<,}=x*0*DiVM"', TRUE);
insert into anomalia values (77, '( ( 10 , 10 ) , ( 20 , 20 ) )', 'PLACEHOlDER FOR BYTEA', 'Cebuano', 'A_)STkMPR6S)4t&UzF9^mK\- Ug)~1ycRnWC*d0.:Zzp8d', TRUE);
insert into anomalia values (78, '( ( 10 , 10 ) , ( 20 , 20 ) )', 'PLACEHOlDER FOR BYTEA', 'Russian', '"wSho},;g(:9Vi|Vis>Xzs0d))1(r"', TRUE);
insert into anomalia_traducao values (78, '( ( 20 , 20 ) , ( 30 , 30 ) )', 'Deccan');
insert into anomalia values (79, '( ( 10 , 10 ) , ( 20 , 20 ) )', 'PLACEHOlDER FOR BYTEA', 'Ukrainian', '"8Jq(i*2_\d81%1&`g,oP{2iBozt>D6Dt4Ok;/Ag1"', TRUE);
insert into anomalia values (80, '( ( 10 , 10 ) , ( 20 , 20 ) )', 'PLACEHOlDER FOR BYTEA', 'French', '::c`M', TRUE);
insert into anomalia values (81, '( ( 10 , 10 ) , ( 20 , 20 ) )', 'PLACEHOlDER FOR BYTEA', 'Amharic', '"A__=r2^4 "', TRUE);
insert into anomalia values (82, '( ( 10 , 10 ) , ( 20 , 20 ) )', 'PLACEHOlDER FOR BYTEA', 'German', '"Dm46t}fRf7z7clT8_W?|85]]d.[rzjeg3j,yW\f@C|7A7<"', TRUE);
insert into anomalia values (83, '( ( 10 , 10 ) , ( 20 , 20 ) )', 'PLACEHOlDER FOR BYTEA', 'Dutch', '', TRUE);
insert into anomalia values (84, '( ( 10 , 10 ) , ( 20 , 20 ) )', 'PLACEHOlDER FOR BYTEA', 'Japanese', ')[vu0q*Jhn3*z/C[$sho=zpMG85P:\zFSjaHo8y+=c{$G[C\HR+{>\W2vP', TRUE);
insert into anomalia_traducao values (84, '( ( 20 , 20 ) , ( 30 , 30 ) )', 'Urdu');
insert into anomalia values (85, '( ( 10 , 10 ) , ( 20 , 20 ) )', 'PLACEHOlDER FOR BYTEA', 'French', '"4%,{Uc{Uk)PEQ~Oa,~],"', TRUE);
insert into anomalia values (86, '( ( 10 , 10 ) , ( 20 , 20 ) )', 'PLACEHOlDER FOR BYTEA', 'Moroccan', 'CHcRD<Aw5Qzk+v;dO', TRUE);
insert into anomalia values (87, '( ( 10 , 10 ) , ( 20 , 20 ) )', 'PLACEHOlDER FOR BYTEA', 'Uyghur', '"IH^Z32+0,WpU}jYL}\Z.$"', TRUE);
insert into anomalia values (88, '( ( 10 , 10 ) , ( 20 , 20 ) )', 'PLACEHOlDER FOR BYTEA', 'Dutch', 'H e)B+<d?>T/gNR@-S#<_Ic*j', TRUE);
insert into anomalia values (89, '( ( 10 , 10 ) , ( 20 , 20 ) )', 'PLACEHOlDER FOR BYTEA', 'Yue', '"$,a(gKD-VyffAIqaI:2jIP$JH^sw-z<L3xsgLJ/zm$XcZ}J]L"', TRUE);
insert into anomalia values (90, '( ( 10 , 10 ) , ( 20 , 20 ) )', 'PLACEHOlDER FOR BYTEA', 'Assamese', '"Zk0_*|..@*~-ooStnTrWXd "', TRUE);
insert into anomalia_traducao values (90, '( ( 20 , 20 ) , ( 30 , 30 ) )', 'Jin');
insert into anomalia values (91, '( ( 10 , 10 ) , ( 20 , 20 ) )', 'PLACEHOlDER FOR BYTEA', 'Iranian', 'xx-($4!>*1`|wjUIJEHZLe8Bia!-', TRUE);
insert into anomalia values (92, '( ( 10 , 10 ) , ( 20 , 20 ) )', 'PLACEHOlDER FOR BYTEA', 'Rundi', '"vi2W2qMv:p^,fa]4WBL]D.e_rUW#j:#\rhcRH=lmf "', TRUE);
insert into anomalia values (93, '( ( 10 , 10 ) , ( 20 , 20 ) )', 'PLACEHOlDER FOR BYTEA', 'Malayalam', '"bT/r~)U<,!4\Ar7Sb!TSh+vlBw;>|3RMyP"', TRUE);
insert into anomalia values (94, '( ( 10 , 10 ) , ( 20 , 20 ) )', 'PLACEHOlDER FOR BYTEA', 'Gujarati', '"psoItK:JY3(z)Li*SJ4@E,V,ianR)?"', TRUE);
insert into anomalia values (95, '( ( 10 , 10 ) , ( 20 , 20 ) )', 'PLACEHOlDER FOR BYTEA', 'Assamese', '"oA{Y[F,a9|u:<E>+"', TRUE);
insert into anomalia values (96, '( ( 10 , 10 ) , ( 20 , 20 ) )', 'PLACEHOlDER FOR BYTEA', 'Somali', '";tKrMAp^:}Mmw?ZKY,O[$+d,R6h?\2\Rnd~<ue3^%j=/jfL]+,-O"', TRUE);
insert into anomalia_traducao values (96, '( ( 20 , 20 ) , ( 30 , 30 ) )', 'Tunisian');
insert into anomalia values (97, '( ( 10 , 10 ) , ( 20 , 20 ) )', 'PLACEHOlDER FOR BYTEA', 'Northern', 'BlK13sfWSJ*& 5=)\Aj-', TRUE);
insert into anomalia values (98, '( ( 10 , 10 ) , ( 20 , 20 ) )', 'PLACEHOlDER FOR BYTEA', 'isolate', 'vA<~9t', TRUE);
insert into anomalia values (99, '( ( 10 , 10 ) , ( 20 , 20 ) )', 'PLACEHOlDER FOR BYTEA', 'Kazakh', 'WE.\w3@BxK2$vReEt`&;GKMuiU7', TRUE);
insert into anomalia values (100, '( ( 10 , 10 ) , ( 20 , 20 ) )', 'PLACEHOlDER FOR BYTEA', 'Uyghur', 'wW>Il5fdHZA>A6?)D*; W-*:[\*~L<h{|uUb0YmrNbB:b>V4P>J', TRUE);
insert into incidencia values (1, 11, 'return');
insert into incidencia values (79, 13, 'horse');
insert into incidencia values (31, 11, 'horse');
insert into incidencia values (5, 9, 'alive');
insert into incidencia values (9, 3, 'beautiful');
insert into incidencia values (60, 5, 'live');
insert into incidencia values (28, 2, 'decide');
insert into incidencia values (14, 8, 'live');
insert into incidencia values (84, 10, 'whatever');
insert into incidencia values (30, 7, 'bad');
insert into incidencia values (20, 6, 'president');
insert into incidencia values (29, 4, 'forward');
insert into incidencia values (55, 13, 'early');
insert into incidencia values (65, 11, 'alive');
insert into incidencia values (61, 1, 'decide');
insert into incidencia values (66, 3, 'president');
insert into incidencia values (87, 7, 'cake');
insert into incidencia values (96, 12, 'whatever');
insert into incidencia values (39, 12, 'horse');
insert into incidencia values (26, 5, 'whatever');
insert into incidencia values (91, 9, 'sea');
insert into incidencia values (18, 7, 'live');
insert into incidencia values (81, 10, 'sea');
insert into incidencia values (25, 3, 'live');
insert into incidencia values (8, 1, 'return');
insert into incidencia values (86, 1, 'sense');
insert into incidencia values (45, 13, 'return');
insert into incidencia values (2, 7, 'whatever');
insert into incidencia values (70, 3, 'sense');
insert into incidencia values (56, 9, 'organized');
insert into incidencia values (40, 2, 'aware');
insert into incidencia values (53, 9, 'bad');
insert into incidencia values (68, 7, 'against');
insert into incidencia values (67, 1, 'sense');
insert into incidencia values (93, 7, 'bad');
insert into incidencia values (34, 9, 'facing');
insert into incidencia values (43, 11, 'expect');
insert into incidencia values (37, 3, 'alive');
insert into incidencia values (49, 8, 'especially');
insert into incidencia values (21, 1, 'facing');
insert into incidencia values (27, 10, 'decide');
insert into incidencia values (19, 1, 'return');
insert into incidencia values (99, 6, 'facing');
insert into incidencia values (23, 8, 'early');
insert into incidencia values (52, 13, 'sea');
insert into incidencia values (33, 5, 'especially');
insert into incidencia values (57, 10, 'beautiful');
insert into incidencia values (90, 9, 'horse');
insert into incidencia values (89, 2, 'die');
insert into incidencia values (22, 12, 'bent');
insert into incidencia values (12, 13, 'stone');
insert into proposta_de_correcao values ('organized', 1, '2019-11-25 09:35:40.713761', '";th`Zo#8}?{:Sr|B:/{5+<,/k5Vd><CbV"');
insert into correcao values ('organized', 1, 96);
insert into proposta_de_correcao values ('forward', 2, '2019-11-25 09:35:40.713783', '<;/ &D57}sdJ3)|(n?&duJ)z@uNE=$N8&?%|#q`W+S&<F)A2}');
insert into correcao values ('forward', 2, 90);
insert into proposta_de_correcao values ('sense', 3, '2019-11-25 09:35:40.713793', '",0;Mt~"');
insert into correcao values ('sense', 3, 93);
insert into proposta_de_correcao values ('early', 4, '2019-11-25 09:35:40.713803', '"3RE6e=/9L)cR0\8VIpgCYI9j~8=.7OBOj *TeC_{ndc]Ht{,0pes;z|f[vuP0`"');
insert into correcao values ('early', 4, 34);
insert into proposta_de_correcao values ('aware', 5, '2019-11-25 09:35:40.713812', 'asdZ}HAW)U u7z-l');
insert into correcao values ('aware', 5, 90);
insert into proposta_de_correcao values ('separate', 6, '2019-11-25 09:35:40.713821', 'Jr77mVP?<9U<TnAcXt;K.K1~A');
insert into correcao values ('separate', 6, 55);
insert into proposta_de_correcao values ('scene', 7, '2019-11-25 09:35:40.713830', '"vTpD;!Tm:RMk~GJ;@Lm@^,M4: ~H&;(X9G5@[\=&6bP`7.Vri"');
insert into correcao values ('scene', 7, 12);
insert into proposta_de_correcao values ('expect', 8, '2019-11-25 09:35:40.713838', 'xN;\w~hhk6Mp[\}\LF7(/Cb%:Dov<mq$~BC}^TinZHzu8Z(t4N}hm');
insert into correcao values ('expect', 8, 60);
insert into proposta_de_correcao values ('bent', 9, '2019-11-25 09:35:40.713847', 'q01rD2HIs');
insert into correcao values ('bent', 9, 89);
