insert into local_publico values (42.546245, 1.601554, 'Andorra');
insert into local_publico values (23.424076, 53.847818, 'United Arab');
insert into local_publico values (33.93911, 67.709953, 'Afghanistan');
insert into local_publico values (17.060816, -61.796428, 'Antigua and');
insert into item values (DEFAULT, '";th`Zo#8}?{:Sr|B:/{5+<,/k5Vd><CbV"', 'Antigua and', 17.060816, -61.796428);
insert into local_publico values (18.220554, -63.068615, 'Anguilla');
insert into local_publico values (41.153332, 20.168331, 'Albania');
insert into item values (DEFAULT, '<;/ &D57}sdJ3)|(n?&duJ)z@uNE=$N8&?%|#q`W+S&<F)A2}', 'Albania', 41.153332, 20.168331);
insert into local_publico values (40.069099, 45.038189, 'Armenia');
insert into item values (DEFAULT, '",0;Mt~"', 'Armenia', 40.069099, 45.038189);
insert into local_publico values (12.226079, -69.060087, 'Netherlands Antilles');
insert into item values (DEFAULT, '"3RE6e=/9L)cR0\8VIpgCYI9j~8=.7OBOj *TeC_{ndc]Ht{,0pes;z|f[vuP0`"', 'Netherlands Antilles', 12.226079, -69.060087);
insert into local_publico values (-11.202692, 17.873887, 'Angola');
insert into local_publico values (-75.250973, -0.071389, 'Antarctica');
insert into local_publico values (-38.416097, -63.616672, 'Argentina');
insert into local_publico values (-14.270972, -170.132217, 'American Samoa');
insert into local_publico values (47.516231, 14.550072, 'Austria');
insert into item values (DEFAULT, 'asdZ}HAW)U u7z-l', 'Austria', 47.516231, 14.550072);
insert into duplicado values (4, 5);
insert into local_publico values (-25.274398, 133.775136, 'Australia');
insert into item values (DEFAULT, 'Jr77mVP?<9U<TnAcXt;K.K1~A', 'Australia', -25.274398, 133.775136);
insert into local_publico values (12.52111, -69.968338, 'Aruba');
insert into local_publico values (40.143105, 47.576927, 'Azerbaijan');
insert into local_publico values (43.915886, 17.679076, 'Bosnia and');
insert into local_publico values (13.193887, -59.543198, 'Barbados');
insert into local_publico values (23.684994, 90.356331, 'Bangladesh');
insert into local_publico values (39.33675, -8.936379, 'Rio Maior');

insert into utilizador values ('return', 'spread');
insert into utilizador_regular values ('return');
insert into utilizador values ('beautiful', 'should');
insert into utilizador_regular values ('beautiful');
insert into utilizador values ('powder', 'softly');
insert into utilizador_regular values ('powder');
insert into utilizador values ('president', 'without');
insert into utilizador_qualificado values ('president');
insert into utilizador values ('organized', 'motor');
insert into utilizador_regular values ('organized');
insert into utilizador values ('forward', 'deep');
insert into utilizador_regular values ('forward');
insert into utilizador values ('whatever', 'score');
insert into utilizador_qualificado values ('whatever');
insert into utilizador values ('facing', 'kill');
insert into utilizador_regular values ('facing');
insert into utilizador values ('sea', 'year');
insert into utilizador_qualificado values ('sea');
insert into utilizador values ('decide', 'hollow');
insert into utilizador_regular values ('decide');
insert into utilizador values ('especially', 'club');
insert into utilizador_regular values ('especially');
insert into utilizador values ('sense', 'number');
insert into utilizador_qualificado values ('sense');
insert into utilizador values ('alive', 'gone');
insert into utilizador_qualificado values ('alive');
insert into utilizador values ('early', 'instant');
insert into utilizador_qualificado values ('early');
insert into utilizador values ('aware', 'factory');
insert into utilizador_regular values ('aware');
insert into utilizador values ('separate', 'leaving');
insert into utilizador_regular values ('separate');
insert into utilizador values ('stone', 'thy');
insert into utilizador_regular values ('stone');
insert into utilizador values ('die', 'sentence');
insert into utilizador_qualificado values ('die');
insert into utilizador values ('against', 'sad');
insert into utilizador_regular values ('against');
insert into utilizador values ('cake', 'deal');
insert into utilizador_qualificado values ('cake');
insert into utilizador values ('scene', 'noted');
insert into utilizador_regular values ('scene');
insert into utilizador values ('expect', 'alphabet');
insert into utilizador_regular values ('expect');
insert into utilizador values ('bad', 'half');
insert into utilizador_regular values ('bad');
insert into utilizador values ('bent', 'stared');
insert into utilizador_qualificado values ('bent');
insert into utilizador values ('live', 'fourth');
insert into utilizador_regular values ('live');
insert into utilizador values ('horse', 'scienc');
insert into utilizador_regular values ('horse');

insert into anomalia values (DEFAULT, '( ( 10 , 10 ) , ( 20 , 20 ) )', 'PLACEHOlDER FOR BYTEA', '2019-11-27 15:33:49.747652', 'Russian', '";th`Zo#8}?{:Sr|B:/{5+<,/k5Vd><CbV"', TRUE);
insert into anomalia values (DEFAULT, '( ( 10 , 10 ) , ( 20 , 20 ) )', 'PLACEHOlDER FOR BYTEA', '2019-11-27 15:33:49.747676', 'Japanese', '<;/ &D57}sdJ3)|(n?&duJ)z@uNE=$N8&?%|#q`W+S&<F)A2}', TRUE);
insert into anomalia values (DEFAULT, '( ( 10 , 10 ) , ( 20 , 20 ) )', 'PLACEHOlDER FOR BYTEA', '2019-11-27 15:33:49.747689', 'Russian', '",0;Mt~"', TRUE);
insert into anomalia values (DEFAULT, '( ( 10 , 10 ) , ( 20 , 20 ) )', 'PLACEHOlDER FOR BYTEA', '2019-11-27 15:33:49.747698', 'Hindi', '"3RE6e=/9L)cR0\8VIpgCYI9j~8=.7OBOj *TeC_{ndc]Ht{,0pes;z|f[vuP0`"', TRUE);
insert into anomalia values (DEFAULT, '( ( 10 , 10 ) , ( 20 , 20 ) )', 'PLACEHOlDER FOR BYTEA', '2019-11-27 15:33:49.747707', 'English', 'asdZ}HAW)U u7z-l', TRUE);
insert into anomalia values (DEFAULT, '( ( 10 , 10 ) , ( 20 , 20 ) )', 'PLACEHOlDER FOR BYTEA', '2019-11-27 15:33:49.747716', 'Russian', 'Jr77mVP?<9U<TnAcXt;K.K1~A', FALSE);
insert into anomalia_traducao values (6, '( ( 20 , 20 ) , ( 30 , 30 ) )', 'Portuguese');
insert into anomalia values (DEFAULT, '( ( 10 , 10 ) , ( 20 , 20 ) )', 'PLACEHOlDER FOR BYTEA', '2019-11-27 15:33:49.747730', 'Marathi', '"vTpD;!Tm:RMk~GJ;@Lm@^,M4: ~H&;(X9G5@[\=&6bP`7.Vri"', TRUE);
insert into anomalia values (DEFAULT, '( ( 10 , 10 ) , ( 20 , 20 ) )', 'PLACEHOlDER FOR BYTEA', '2019-11-27 15:33:49.747739', 'Portuguese', 'xN;\w~hhk6Mp[\}\LF7(/Cb%:Dov<mq$~BC}^TinZHzu8Z(t4N}hm', TRUE);
insert into anomalia values (DEFAULT, '( ( 10 , 10 ) , ( 20 , 20 ) )', 'PLACEHOlDER FOR BYTEA', '2019-11-27 15:33:49.747747', 'English', 'q01rD2HIs', TRUE);
insert into anomalia values (DEFAULT, '( ( 10 , 10 ) , ( 20 , 20 ) )', 'PLACEHOlDER FOR BYTEA', '2019-11-27 15:33:49.747756', 'Hindi', '"XKobQ QuEzb}L%fJAJPK-rQTl1Geu9S,&1gv7bIS15rjv$$(!(xCB"', TRUE);
insert into anomalia values (DEFAULT, '( ( 10 , 10 ) , ( 20 , 20 ) )', 'PLACEHOlDER FOR BYTEA', '2019-11-27 15:33:49.747764', 'Marathi', '"L>g!GYowGpQbM{4`w5;.oqDF Yk,5Z<~eI:E,C"', TRUE);
insert into anomalia values (DEFAULT, '( ( 10 , 10 ) , ( 20 , 20 ) )', 'PLACEHOlDER FOR BYTEA', '2019-01-27 15:33:49.747772', 'Portuguese', 'VTM6K', FALSE);
insert into anomalia_traducao values (12, '( ( 20 , 20 ) , ( 30 , 30 ) )', 'Russian');
insert into incidencia values (1, 5, 'sea');
insert into incidencia values (3, 2, 'against');
insert into incidencia values (7, 3, 'whatever');
insert into incidencia values (4, 4, 'die');
insert into incidencia values (5, 2, 'decide');
insert into incidencia values (10, 5, 'decide');
insert into proposta_de_correcao values ('president', 1, '2019-11-27 15:33:49.747829', '";th`Zo#8}?{:Sr|B:/{5+<,/k5Vd><CbV"');
insert into correcao values ('president', 1, 10);
insert into proposta_de_correcao values ('whatever', 2, '2019-11-27 15:33:49.747841', '<;/ &D57}sdJ3)|(n?&duJ)z@uNE=$N8&?%|#q`W+S&<F)A2}');
insert into correcao values ('whatever', 2, 5);
insert into proposta_de_correcao values ('sea', 3, '2019-11-27 15:33:49.747851', '",0;Mt~"');
insert into correcao values ('sea', 3, 4);
insert into proposta_de_correcao values ('sense', 4, '2019-11-27 15:33:49.747860', '"3RE6e=/9L)cR0\8VIpgCYI9j~8=.7OBOj *TeC_{ndc]Ht{,0pes;z|f[vuP0`"');
insert into correcao values ('sense', 4, 4);
insert into proposta_de_correcao values ('alive', 5, '2019-11-27 15:33:49.747869', 'asdZ}HAW)U u7z-l');
insert into correcao values ('alive', 5, 5);
insert into proposta_de_correcao values ('early', 6, '2019-11-27 15:33:49.747914', 'Jr77mVP?<9U<TnAcXt;K.K1~A');
insert into correcao values ('early', 6, 5);
insert into proposta_de_correcao values ('die', 7, '2019-11-27 15:33:49.747926', '"vTpD;!Tm:RMk~GJ;@Lm@^,M4: ~H&;(X9G5@[\=&6bP`7.Vri"');
insert into correcao values ('die', 7, 10);
insert into proposta_de_correcao values ('cake', 8, '2019-11-27 15:33:49.747935', 'xN;\w~hhk6Mp[\}\LF7(/Cb%:Dov<mq$~BC}^TinZHzu8Z(t4N}hm');
insert into correcao values ('cake', 8, 7);
insert into proposta_de_correcao values ('bent', 9, '2019-11-27 15:33:49.747943', 'q01rD2HIs');
insert into correcao values ('bent', 9, 4);
