insert into local_publico values (42.546245, 1.601554, 'Andorra');
insert into local_publico values (23.424076, 53.847818, 'United');
insert into local_publico values (33.93911, 67.709953, 'Afghanistan');
insert into local_publico values (17.060816, -61.796428, 'Antigua');
insert into local_publico values (18.220554, -63.068615, 'Anguilla');
insert into local_publico values (41.153332, 20.168331, 'Albania');
insert into local_publico values (40.069099, 45.038189, 'Armenia');
insert into local_publico values (12.226079, -69.060087, 'Netherlands');
insert into local_publico values (-11.202692, 17.873887, 'Angola');
insert into local_publico values (-75.250973, -0.071389, 'Antarctica');
insert into item values ('";th`Zo#8}?{:Sr|B:/{5+<,/k5Vd><CbV"', 'Antarctica', -75.250973, -0.071389);
insert into local_publico values (-38.416097, -63.616672, 'Argentina');
insert into local_publico values (-14.270972, -170.132217, 'American');
insert into item values ('<;/ &D57}sdJ3)|(n?&duJ)z@uNE=$N8&?%|#q`W+S&<F)A2}', 'American', -14.270972, -170.132217);
insert into local_publico values (47.516231, 14.550072, 'Austria');
insert into local_publico values (-25.274398, 133.775136, 'Australia');
insert into item values ('",0;Mt~"', 'Australia', -25.274398, 133.775136);
insert into local_publico values (12.52111, -69.968338, 'Aruba');
insert into item values ('"3RE6e=/9L)cR0\8VIpgCYI9j~8=.7OBOj *TeC_{ndc]Ht{,0pes;z|f[vuP0`"', 'Aruba', 12.52111, -69.968338);
insert into local_publico values (40.143105, 47.576927, 'Azerbaijan');
insert into local_publico values (43.915886, 17.679076, 'Bosnia');
insert into local_publico values (13.193887, -59.543198, 'Barbados');
insert into item values ('asdZ}HAW)U u7z-l', 'Barbados', 13.193887, -59.543198);
insert into duplicado values (4);
insert into local_publico values (23.684994, 90.356331, 'Bangladesh');
insert into item values ('Jr77mVP?<9U<TnAcXt;K.K1~A', 'Bangladesh', 23.684994, 90.356331);
insert into local_publico values (50.503887, 4.469936, 'Belgium');
insert into item values ('"vTpD;!Tm:RMk~GJ;@Lm@^,M4: ~H&;(X9G5@[\=&6bP`7.Vri"', 'Belgium', 50.503887, 4.469936);
insert into local_publico values (12.238333, -1.561593, 'Burkina');
insert into local_publico values (42.733883, 25.48583, 'Bulgaria');
insert into item values ('xN;\w~hhk6Mp[\}\LF7(/Cb%:Dov<mq$~BC}^TinZHzu8Z(t4N}hm', 'Bulgaria', 42.733883, 25.48583);
insert into local_publico values (25.930414, 50.637772, 'Bahrain');
insert into item values ('q01rD2HIs', 'Bahrain', 25.930414, 50.637772);
insert into local_publico values (-3.373056, 29.918886, 'Burundi');
insert into item values ('"XKobQ QuEzb}L%fJAJPK-rQTl1Geu9S,&1gv7bIS15rjv$$(!(xCB"', 'Burundi', -3.373056, 29.918886);
insert into duplicado values (6);
insert into local_publico values (9.30769, 2.315834, 'Benin');
insert into item values ('"L>g!GYowGpQbM{4`w5;.oqDF Yk,5Z<~eI:E,C"', 'Benin', 9.30769, 2.315834);
insert into local_publico values (32.321384, -64.75737, 'Bermuda');
insert into item values ('VTM6K', 'Bermuda', 32.321384, -64.75737);
insert into local_publico values (4.535277, 114.727669, 'Brunei');
insert into local_publico values (-16.290154, -63.588653, 'Bolivia');
insert into local_publico values (-14.235004, -51.92528, 'Brazil');
insert into item values ('"f(1$!F7Pl;-y!D@Ei~$a7*Bg,\.jfQ0;l"', 'Brazil', -14.235004, -51.92528);
insert into local_publico values (25.03428, -77.39628, 'Bahamas');
insert into item values ('ZG(%A@!.4FrYhE4k{zDNna!^?\-am;Tv.I)a', 'Bahamas', 25.03428, -77.39628);

insert into utilizador values ('return', 'spread');
insert into utilizador_regular values ('return');
insert into utilizador values ('beautiful', 'should');
insert into utilizador_regular values ('beautiful');
insert into utilizador values ('powder', 'softly');
insert into utilizador_regular values ('powder');
insert into utilizador values ('president', 'without');
insert into utilizador_qualificado values ('president');
insert into utilizador values ('organized', 'motor');
insert into utilizador_regular values ('organized');
insert into utilizador values ('forward', 'deep');
insert into utilizador_qualificado values ('forward');
insert into utilizador values ('whatever', 'score');
insert into utilizador_regular values ('whatever');
insert into utilizador values ('facing', 'kill');
insert into utilizador_qualificado values ('facing');
insert into utilizador values ('sea', 'year');
insert into utilizador_regular values ('sea');
insert into utilizador values ('decide', 'hollow');
insert into utilizador_regular values ('decide');
insert into utilizador values ('especially', 'club');
insert into utilizador_regular values ('especially');
insert into utilizador values ('sense', 'number');
insert into utilizador_qualificado values ('sense');
insert into utilizador values ('alive', 'gone');
insert into utilizador_regular values ('alive');
insert into utilizador values ('early', 'instant');
insert into utilizador_regular values ('early');
insert into utilizador values ('aware', 'factory');
insert into utilizador_qualificado values ('aware');
insert into utilizador values ('separate', 'leaving');
insert into utilizador_qualificado values ('separate');
insert into utilizador values ('stone', 'thy');
insert into utilizador_regular values ('stone');
insert into utilizador values ('die', 'sentence');
insert into utilizador_regular values ('die');
insert into utilizador values ('against', 'sad');
insert into utilizador_regular values ('against');
insert into utilizador values ('cake', 'deal');
insert into utilizador_qualificado values ('cake');
insert into utilizador values ('scene', 'noted');
insert into utilizador_regular values ('scene');
insert into utilizador values ('expect', 'alphabet');
insert into utilizador_regular values ('expect');
insert into utilizador values ('bad', 'half');
insert into utilizador_regular values ('bad');
insert into utilizador values ('bent', 'stared');
insert into utilizador_regular values ('bent');
insert into utilizador values ('live', 'fourth');
insert into utilizador_regular values ('live');
insert into utilizador values ('horse', 'scienc');
insert into utilizador_qualificado values ('horse');

insert into anomalia values ('( ( 10 , 10 ) , ( 20 , 20 ) )', 'PLACEHOlDER FOR BYTEA', 'Urdu', '";th`Zo#8}?{:Sr|B:/{5+<,/k5Vd><CbV"', TRUE);
insert into anomalia_traducao values ('( ( 20 , 20 ) , ( 30 , 30 ) )', 'Cebuano');
insert into anomalia values ('( ( 10 , 10 ) , ( 20 , 20 ) )', 'PLACEHOlDER FOR BYTEA', 'Sindhi', '<;/ &D57}sdJ3)|(n?&duJ)z@uNE=$N8&?%|#q`W+S&<F)A2}', TRUE);
insert into anomalia values ('( ( 10 , 10 ) , ( 20 , 20 ) )', 'PLACEHOlDER FOR BYTEA', 'Cebuano', '",0;Mt~"', TRUE);
insert into anomalia values ('( ( 10 , 10 ) , ( 20 , 20 ) )', 'PLACEHOlDER FOR BYTEA', 'Min', '"3RE6e=/9L)cR0\8VIpgCYI9j~8=.7OBOj *TeC_{ndc]Ht{,0pes;z|f[vuP0`"', TRUE);
insert into anomalia values ('( ( 10 , 10 ) , ( 20 , 20 ) )', 'PLACEHOlDER FOR BYTEA', 'Egyptian', 'asdZ}HAW)U u7z-l', TRUE);
insert into anomalia values ('( ( 10 , 10 ) , ( 20 , 20 ) )', 'PLACEHOlDER FOR BYTEA', 'Sunda', 'Jr77mVP?<9U<TnAcXt;K.K1~A', TRUE);
insert into anomalia values ('( ( 10 , 10 ) , ( 20 , 20 ) )', 'PLACEHOlDER FOR BYTEA', 'South', '"vTpD;!Tm:RMk~GJ;@Lm@^,M4: ~H&;(X9G5@[\=&6bP`7.Vri"', TRUE);
insert into anomalia_traducao values ('( ( 20 , 20 ) , ( 30 , 30 ) )', 'Burmese');
insert into anomalia values ('( ( 10 , 10 ) , ( 20 , 20 ) )', 'PLACEHOlDER FOR BYTEA', 'Somali', 'xN;\w~hhk6Mp[\}\LF7(/Cb%:Dov<mq$~BC}^TinZHzu8Z(t4N}hm', TRUE);
insert into anomalia values ('( ( 10 , 10 ) , ( 20 , 20 ) )', 'PLACEHOlDER FOR BYTEA', 'Sudanese', 'q01rD2HIs', TRUE);
insert into anomalia values ('( ( 10 , 10 ) , ( 20 , 20 ) )', 'PLACEHOlDER FOR BYTEA', 'Hausa', '"XKobQ QuEzb}L%fJAJPK-rQTl1Geu9S,&1gv7bIS15rjv$$(!(xCB"', TRUE);
insert into anomalia values ('( ( 10 , 10 ) , ( 20 , 20 ) )', 'PLACEHOlDER FOR BYTEA', 'German', '"L>g!GYowGpQbM{4`w5;.oqDF Yk,5Z<~eI:E,C"', TRUE);
insert into anomalia values ('( ( 10 , 10 ) , ( 20 , 20 ) )', 'PLACEHOlDER FOR BYTEA', 'Indonesian', 'VTM6K', TRUE);
insert into anomalia values ('( ( 10 , 10 ) , ( 20 , 20 ) )', 'PLACEHOlDER FOR BYTEA', 'Rundi', '"f(1$!F7Pl;-y!D@Ei~$a7*Bg,\.jfQ0;l"', TRUE);
insert into anomalia_traducao values ('( ( 20 , 20 ) , ( 30 , 30 ) )', 'Thai');
insert into anomalia values ('( ( 10 , 10 ) , ( 20 , 20 ) )', 'PLACEHOlDER FOR BYTEA', 'Japanese', 'ZG(%A@!.4FrYhE4k{zDNna!^?\-am;Tv.I)a', TRUE);
insert into anomalia values ('( ( 10 , 10 ) , ( 20 , 20 ) )', 'PLACEHOlDER FOR BYTEA', 'Mandarin', 'e;NFKPDz_oH%>hx}|5]h>>cD&<QVoC9a>L', TRUE);
insert into anomalia values ('( ( 10 , 10 ) , ( 20 , 20 ) )', 'PLACEHOlDER FOR BYTEA', 'Urdu', '9$L!acXxI1nZhZ8', TRUE);
insert into anomalia values ('( ( 10 , 10 ) , ( 20 , 20 ) )', 'PLACEHOlDER FOR BYTEA', 'Russian', '"D/@R9RY+Dcm~]SmWy|I`2I!|*5Vz_iiR,i\qGo[^s]L5R%FW*; yZ;.oR-M"', TRUE);
insert into anomalia values ('( ( 10 , 10 ) , ( 20 , 20 ) )', 'PLACEHOlDER FOR BYTEA', 'Xiang', '{-', TRUE);
insert into anomalia values ('( ( 10 , 10 ) , ( 20 , 20 ) )', 'PLACEHOlDER FOR BYTEA', 'Dutch', 'd;eAw?MD#[_OuzurMd~Z3i', TRUE);
insert into anomalia_traducao values ('( ( 20 , 20 ) , ( 30 , 30 ) )', 'Greek');
insert into anomalia values ('( ( 10 , 10 ) , ( 20 , 20 ) )', 'PLACEHOlDER FOR BYTEA', 'Saʽidi', '@]%8-yZ6sA<mmDD3}|M>[9gp9WZj/4v`x*7MQ~S|9Cl}C{%4&#+yH=8F(`p', TRUE);
insert into anomalia values ('( ( 10 , 10 ) , ( 20 , 20 ) )', 'PLACEHOlDER FOR BYTEA', 'Tunisian', 'Cnd8Ckp7=;e671:}o:#PY7auh', TRUE);
insert into anomalia values ('( ( 10 , 10 ) , ( 20 , 20 ) )', 'PLACEHOlDER FOR BYTEA', 'Somali', '3I.QPl3YA', TRUE);
insert into anomalia values ('( ( 10 , 10 ) , ( 20 , 20 ) )', 'PLACEHOlDER FOR BYTEA', 'Iranian', '"y56|!>]zy 6ZWU\yI)&gpT6xbk`mK&,F$:VX"', TRUE);
insert into anomalia values ('( ( 10 , 10 ) , ( 20 , 20 ) )', 'PLACEHOlDER FOR BYTEA', 'Khmer', 'pD;v#wO_F!76>KdMCTKv9(zosc+E8LP%a', TRUE);
insert into anomalia values ('( ( 10 , 10 ) , ( 20 , 20 ) )', 'PLACEHOlDER FOR BYTEA', 'Italian', '"(bXHF#^T @HDI,DIy"', TRUE);
insert into anomalia_traducao values ('( ( 20 , 20 ) , ( 30 , 30 ) )', 'Nepali');
insert into anomalia values ('( ( 10 , 10 ) , ( 20 , 20 ) )', 'PLACEHOlDER FOR BYTEA', 'Western', '"j,me{P&Xv&%vh&sGIwGKQC,]1yt5~$sT+=m"', TRUE);
insert into anomalia values ('( ( 10 , 10 ) , ( 20 , 20 ) )', 'PLACEHOlDER FOR BYTEA', 'Hausa', 'K&NgN]', TRUE);
insert into anomalia values ('( ( 10 , 10 ) , ( 20 , 20 ) )', 'PLACEHOlDER FOR BYTEA', 'Portuguese', '" ?d2`#)dHgY/cc=C+P/7(\/XJQULEQS{-+[OF{[d0q=c-B"', TRUE);
insert into anomalia values ('( ( 10 , 10 ) , ( 20 , 20 ) )', 'PLACEHOlDER FOR BYTEA', 'Saraiki', '+8\sl7xH8wU<t6+;9sHC4jkF@g{n; qI', TRUE);
insert into anomalia values ('( ( 10 , 10 ) , ( 20 , 20 ) )', 'PLACEHOlDER FOR BYTEA', 'Somali', '%E1yO*e2s[lKND>>s(n$6A_|^5i U.0. R94[BG;a\', TRUE);
insert into anomalia values ('( ( 10 , 10 ) , ( 20 , 20 ) )', 'PLACEHOlDER FOR BYTEA', 'Indonesian', '>F+LsN{d.V?%v>I;{G7K??~WVi$jk)jZ^wrZ)6RTA>t7CbFg}x{:8i', TRUE);
insert into anomalia_traducao values ('( ( 20 , 20 ) , ( 30 , 30 ) )', 'Ukrainian');
insert into anomalia values ('( ( 10 , 10 ) , ( 20 , 20 ) )', 'PLACEHOlDER FOR BYTEA', 'Wu', 'Y(=?g', TRUE);
insert into anomalia values ('( ( 10 , 10 ) , ( 20 , 20 ) )', 'PLACEHOlDER FOR BYTEA', 'Dutch', 'Cat:N6le~/Vz04*}K\R[_khZ-6>P%NSMBiyRZ6]W1hw}R`vA', TRUE);
insert into anomalia values ('( ( 10 , 10 ) , ( 20 , 20 ) )', 'PLACEHOlDER FOR BYTEA', 'Portuguese', '"wJqin36(WhGmpPUDl^ST{>79kh!sEA(odku,3ddkm9@%FoX{51,;"', TRUE);
insert into anomalia values ('( ( 10 , 10 ) , ( 20 , 20 ) )', 'PLACEHOlDER FOR BYTEA', 'Burmese', '":W^/O#EzSsT%\w{e.o/D.Ri?EEP#-t,J^FaI[d2Oz}6Jy-w"', TRUE);
insert into anomalia values ('( ( 10 , 10 ) , ( 20 , 20 ) )', 'PLACEHOlDER FOR BYTEA', 'Nigerian', '"^W&a6zMZnO#4~l&pI/gx|:R(90s:w0L5&,k4;\`7?-|ZG"', TRUE);
insert into anomalia values ('( ( 10 , 10 ) , ( 20 , 20 ) )', 'PLACEHOlDER FOR BYTEA', 'Egyptian', 'bGC{SV^7rbe#b2url]cRmekY\7#', TRUE);
insert into anomalia_traducao values ('( ( 20 , 20 ) , ( 30 , 30 ) )', 'Dutch');
insert into anomalia values ('( ( 10 , 10 ) , ( 20 , 20 ) )', 'PLACEHOlDER FOR BYTEA', 'Min', 'tl#n%b&Z_:QysiB_uL8#Xw8GK!\', TRUE);
insert into anomalia values ('( ( 10 , 10 ) , ( 20 , 20 ) )', 'PLACEHOlDER FOR BYTEA', 'Gan', '%2-<&/:wS}$p`b8sGMzG%Q8H3)Kp 4t=gWTFo-ml]9Z|aSu$(n4}Gpp', TRUE);
insert into anomalia values ('( ( 10 , 10 ) , ( 20 , 20 ) )', 'PLACEHOlDER FOR BYTEA', 'Egyptian', '!vU|/=58[_1t5BgnCn4D!u#|}', TRUE);
insert into anomalia values ('( ( 10 , 10 ) , ( 20 , 20 ) )', 'PLACEHOlDER FOR BYTEA', 'Western', '5c^vHnhp=\ |j.o`_[^S^VpcOb|jSb!OnX3-[ly^@!5B)-:+3(0)/p+', TRUE);
insert into anomalia values ('( ( 10 , 10 ) , ( 20 , 20 ) )', 'PLACEHOlDER FOR BYTEA', 'Algerian', 'oFlP:n9IfD{Lq:o@pL', TRUE);
insert into anomalia values ('( ( 10 , 10 ) , ( 20 , 20 ) )', 'PLACEHOlDER FOR BYTEA', 'Nigerian', '5nCzdR6N#WQ}VH5?', TRUE);
insert into anomalia_traducao values ('( ( 20 , 20 ) , ( 30 , 30 ) )', 'Iranian');
insert into anomalia values ('( ( 10 , 10 ) , ( 20 , 20 ) )', 'PLACEHOlDER FOR BYTEA', 'Yue', '"^[pC[{lu4$*zBbb{S;.U]},{Ou"', TRUE);
insert into anomalia values ('( ( 10 , 10 ) , ( 20 , 20 ) )', 'PLACEHOlDER FOR BYTEA', 'North', '.h .XBZq#Qok4T=gxW7WRQKH^`mFAvR/>', TRUE);
insert into anomalia values ('( ( 10 , 10 ) , ( 20 , 20 ) )', 'PLACEHOlDER FOR BYTEA', 'Dutch', 'dg!*N.C?.u*Ldl|zEA{t5z!B', TRUE);
insert into anomalia values ('( ( 10 , 10 ) , ( 20 , 20 ) )', 'PLACEHOlDER FOR BYTEA', 'Sylheti', 'V8*tN6Q7LG U7<c&kL@UuEY1C4s\<K0LO;N&]^)%nR(NE~\k)Q?\PGz:RE', TRUE);
insert into anomalia values ('( ( 10 , 10 ) , ( 20 , 20 ) )', 'PLACEHOlDER FOR BYTEA', 'Kinyarwanda', '"N@Os yL#S`oy|,$<7Uz^e4m@[9z8Lg_p7&"', TRUE);
insert into anomalia values ('( ( 10 , 10 ) , ( 20 , 20 ) )', 'PLACEHOlDER FOR BYTEA', 'Rundi', '":/no;>J%^+vrc5?,(NT4<DX8IM(V%3u@/+55KK0a]{GhgB#3"', TRUE);
insert into anomalia_traducao values ('( ( 20 , 20 ) , ( 30 , 30 ) )', 'Chhattisgarhi');
insert into anomalia values ('( ( 10 , 10 ) , ( 20 , 20 ) )', 'PLACEHOlDER FOR BYTEA', 'Northern', '"TCVWB[9qBoTshyE$,,pye]V )"', TRUE);
insert into anomalia values ('( ( 10 , 10 ) , ( 20 , 20 ) )', 'PLACEHOlDER FOR BYTEA', 'Polish', '2?O', TRUE);
insert into anomalia values ('( ( 10 , 10 ) , ( 20 , 20 ) )', 'PLACEHOlDER FOR BYTEA', 'Javanese', 'sGGm)vFN#@oO96+pfQZ}GHh:Re94', TRUE);
insert into anomalia values ('( ( 10 , 10 ) , ( 20 , 20 ) )', 'PLACEHOlDER FOR BYTEA', 'Turkish', '*fp}EZrjP$ +%<ZGjF5E?U2y9-Q<iJy;`R%tw=zu!U[?\Bqr;2o@_gwr', TRUE);
insert into anomalia values ('( ( 10 , 10 ) , ( 20 , 20 ) )', 'PLACEHOlDER FOR BYTEA', 'Gan', '"Z+3uPSG2|GoWxC>,w&NDW_"', TRUE);
insert into anomalia values ('( ( 10 , 10 ) , ( 20 , 20 ) )', 'PLACEHOlDER FOR BYTEA', 'Min', 'R0n:N3h|/.43oab[jo|3G6w2{#a*e?VY10_{m0N26 -K>K3', TRUE);
insert into anomalia_traducao values ('( ( 20 , 20 ) , ( 30 , 30 ) )', 'French');
insert into anomalia values ('( ( 10 , 10 ) , ( 20 , 20 ) )', 'PLACEHOlDER FOR BYTEA', 'Min', '~jP\\&{\hQskMjA$(o@|>_qn', TRUE);
insert into anomalia values ('( ( 10 , 10 ) , ( 20 , 20 ) )', 'PLACEHOlDER FOR BYTEA', 'Mandarin', '@.2ZmwXh_0|nmV\]kFT*)[CK:', TRUE);
insert into anomalia values ('( ( 10 , 10 ) , ( 20 , 20 ) )', 'PLACEHOlDER FOR BYTEA', 'Malay', '"r,f/O!1f-<t1ZTud(\@|Js>"', TRUE);
insert into anomalia values ('( ( 10 , 10 ) , ( 20 , 20 ) )', 'PLACEHOlDER FOR BYTEA', 'Bhojpuri', '~_Rr>[BBAL.da4:_:PdJ*M-^()>yPtW^30)jrx', TRUE);
insert into anomalia values ('( ( 10 , 10 ) , ( 20 , 20 ) )', 'PLACEHOlDER FOR BYTEA', 'South', 'Qm7', TRUE);
insert into anomalia values ('( ( 10 , 10 ) , ( 20 , 20 ) )', 'PLACEHOlDER FOR BYTEA', 'Sindhi', 'lbco-u', TRUE);
insert into anomalia_traducao values ('( ( 20 , 20 ) , ( 30 , 30 ) )', 'Mandarin');
insert into anomalia values ('( ( 10 , 10 ) , ( 20 , 20 ) )', 'PLACEHOlDER FOR BYTEA', 'Nepali', '"zWJ-9#Vs_zr&!Ib,)>EV(wL/)zRPeS8[tPRN/ n"', TRUE);
insert into anomalia values ('( ( 10 , 10 ) , ( 20 , 20 ) )', 'PLACEHOlDER FOR BYTEA', 'German', '"$;CjJXcAUEUB@%(3ieSai$v,Ys$m<tFG=yLeFT%SiF3#,-SmO{_f^V/fyTO*"', TRUE);
insert into anomalia values ('( ( 10 , 10 ) , ( 20 , 20 ) )', 'PLACEHOlDER FOR BYTEA', 'Tagalog', '(+=SNq2]&d4fz?*1fi/2wa!SrW^vz3BlNVj;k2B!Zq\Vo!b)BrL.o', TRUE);
insert into anomalia values ('( ( 10 , 10 ) , ( 20 , 20 ) )', 'PLACEHOlDER FOR BYTEA', 'Bhojpuri', '"$^A(Z:T3k-HX`&P&,Ys**5At|G`G{n+Jpi^psDHd#!p"', TRUE);
insert into anomalia values ('( ( 10 , 10 ) , ( 20 , 20 ) )', 'PLACEHOlDER FOR BYTEA', 'Indonesian', 'U5D)+Z2}J', TRUE);
insert into anomalia values ('( ( 10 , 10 ) , ( 20 , 20 ) )', 'PLACEHOlDER FOR BYTEA', 'isolate', 'd?`%(ji7%ptTX5E', TRUE);
insert into anomalia_traducao values ('( ( 20 , 20 ) , ( 30 , 30 ) )', 'Northern');
insert into anomalia values ('( ( 10 , 10 ) , ( 20 , 20 ) )', 'PLACEHOlDER FOR BYTEA', 'Bavarian', 'e0il7a', TRUE);
insert into anomalia values ('( ( 10 , 10 ) , ( 20 , 20 ) )', 'PLACEHOlDER FOR BYTEA', 'Burmese', '"F (hN.!U@AT^=u0,Wf{KsqQb[]Nsy,tInhH^rfApuTHPtRW$,7"', TRUE);
insert into anomalia values ('( ( 10 , 10 ) , ( 20 , 20 ) )', 'PLACEHOlDER FOR BYTEA', 'Sudanese', '"&q_G,uWU"', TRUE);
insert into anomalia values ('( ( 10 , 10 ) , ( 20 , 20 ) )', 'PLACEHOlDER FOR BYTEA', 'Rundi', '"p(q2.0nbj}F{ ,(-&)-QKAI\)]E9&aJJ[$^"', TRUE);
insert into anomalia values ('( ( 10 , 10 ) , ( 20 , 20 ) )', 'PLACEHOlDER FOR BYTEA', 'Telugu', ';.+', TRUE);
insert into anomalia values ('( ( 10 , 10 ) , ( 20 , 20 ) )', 'PLACEHOlDER FOR BYTEA', 'Greek', '$-7MjB|Es=5c*4r;Uzf.<sOx64U3a4O>', TRUE);
insert into anomalia_traducao values ('( ( 20 , 20 ) , ( 30 , 30 ) )', 'Burmese');
insert into anomalia values ('( ( 10 , 10 ) , ( 20 , 20 ) )', 'PLACEHOlDER FOR BYTEA', 'Min', '"LN,pZf 9ENp_6I)nf |\3`W?7QD`CsjU{g7W!"', TRUE);
insert into anomalia values ('( ( 10 , 10 ) , ( 20 , 20 ) )', 'PLACEHOlDER FOR BYTEA', 'Tamil', '"<yF?^o=S:3=7+0!M,empXDTZV!^^;cxXMp}ox,<pI?ra[{_Q6; eVG94m"', TRUE);
insert into anomalia values ('( ( 10 , 10 ) , ( 20 , 20 ) )', 'PLACEHOlDER FOR BYTEA', 'Northern', '=R=gW7sY!?Ds!c;kIoJG', TRUE);
insert into anomalia values ('( ( 10 , 10 ) , ( 20 , 20 ) )', 'PLACEHOlDER FOR BYTEA', 'Malayalam', '"l/&CngGSC.JX]<,}=x*0*DiVM"', TRUE);
insert into anomalia values ('( ( 10 , 10 ) , ( 20 , 20 ) )', 'PLACEHOlDER FOR BYTEA', 'Igbo', 'A_)STkMPR6S)4t&UzF9^mK\- Ug)~1ycRnWC*d0.:Zzp8d', TRUE);
insert into anomalia values ('( ( 10 , 10 ) , ( 20 , 20 ) )', 'PLACEHOlDER FOR BYTEA', 'Wu', '"wSho},;g(:9Vi|Vis>Xzs0d))1(r"', TRUE);
insert into anomalia_traducao values ('( ( 20 , 20 ) , ( 30 , 30 ) )', 'Burmese');
insert into anomalia values ('( ( 10 , 10 ) , ( 20 , 20 ) )', 'PLACEHOlDER FOR BYTEA', 'German', '"8Jq(i*2_\d81%1&`g,oP{2iBozt>D6Dt4Ok;/Ag1"', TRUE);
insert into anomalia values ('( ( 10 , 10 ) , ( 20 , 20 ) )', 'PLACEHOlDER FOR BYTEA', 'Moroccan', '::c`M', TRUE);
insert into anomalia values ('( ( 10 , 10 ) , ( 20 , 20 ) )', 'PLACEHOlDER FOR BYTEA', 'Marathi', '"A__=r2^4 "', TRUE);
insert into anomalia values ('( ( 10 , 10 ) , ( 20 , 20 ) )', 'PLACEHOlDER FOR BYTEA', 'Tamil', '"Dm46t}fRf7z7clT8_W?|85]]d.[rzjeg3j,yW\f@C|7A7<"', TRUE);
insert into anomalia values ('( ( 10 , 10 ) , ( 20 , 20 ) )', 'PLACEHOlDER FOR BYTEA', 'Sanaani', '', TRUE);
insert into anomalia values ('( ( 10 , 10 ) , ( 20 , 20 ) )', 'PLACEHOlDER FOR BYTEA', 'Somali', ')[vu0q*Jhn3*z/C[$sho=zpMG85P:\zFSjaHo8y+=c{$G[C\HR+{>\W2vP', TRUE);
insert into anomalia_traducao values ('( ( 20 , 20 ) , ( 30 , 30 ) )', 'Egyptian');
insert into anomalia values ('( ( 10 , 10 ) , ( 20 , 20 ) )', 'PLACEHOlDER FOR BYTEA', 'Bengali', '"4%,{Uc{Uk)PEQ~Oa,~],"', TRUE);
insert into anomalia values ('( ( 10 , 10 ) , ( 20 , 20 ) )', 'PLACEHOlDER FOR BYTEA', 'Assamese', 'CHcRD<Aw5Qzk+v;dO', TRUE);
insert into anomalia values ('( ( 10 , 10 ) , ( 20 , 20 ) )', 'PLACEHOlDER FOR BYTEA', 'Northern', '"IH^Z32+0,WpU}jYL}\Z.$"', TRUE);
insert into anomalia values ('( ( 10 , 10 ) , ( 20 , 20 ) )', 'PLACEHOlDER FOR BYTEA', 'Gan', 'H e)B+<d?>T/gNR@-S#<_Ic*j', TRUE);
insert into anomalia values ('( ( 10 , 10 ) , ( 20 , 20 ) )', 'PLACEHOlDER FOR BYTEA', 'Kazakh', '"$,a(gKD-VyffAIqaI:2jIP$JH^sw-z<L3xsgLJ/zm$XcZ}J]L"', TRUE);
insert into anomalia values ('( ( 10 , 10 ) , ( 20 , 20 ) )', 'PLACEHOlDER FOR BYTEA', 'Marathi', '"Zk0_*|..@*~-ooStnTrWXd "', TRUE);
insert into anomalia_traducao values ('( ( 20 , 20 ) , ( 30 , 30 ) )', 'Sylheti');
insert into anomalia values ('( ( 10 , 10 ) , ( 20 , 20 ) )', 'PLACEHOlDER FOR BYTEA', 'Northern', 'xx-($4!>*1`|wjUIJEHZLe8Bia!-', TRUE);
insert into anomalia values ('( ( 10 , 10 ) , ( 20 , 20 ) )', 'PLACEHOlDER FOR BYTEA', 'Saraiki', '"vi2W2qMv:p^,fa]4WBL]D.e_rUW#j:#\rhcRH=lmf "', TRUE);
insert into anomalia values ('( ( 10 , 10 ) , ( 20 , 20 ) )', 'PLACEHOlDER FOR BYTEA', 'Yue', '"bT/r~)U<,!4\Ar7Sb!TSh+vlBw;>|3RMyP"', TRUE);
insert into anomalia values ('( ( 10 , 10 ) , ( 20 , 20 ) )', 'PLACEHOlDER FOR BYTEA', 'Sylheti', '"psoItK:JY3(z)Li*SJ4@E,V,ianR)?"', TRUE);
insert into anomalia values ('( ( 10 , 10 ) , ( 20 , 20 ) )', 'PLACEHOlDER FOR BYTEA', 'Algerian', '"oA{Y[F,a9|u:<E>+"', TRUE);
insert into anomalia values ('( ( 10 , 10 ) , ( 20 , 20 ) )', 'PLACEHOlDER FOR BYTEA', 'Japanese', '";tKrMAp^:}Mmw?ZKY,O[$+d,R6h?\2\Rnd~<ue3^%j=/jfL]+,-O"', TRUE);
insert into anomalia_traducao values ('( ( 20 , 20 ) , ( 30 , 30 ) )', 'Tamil');
insert into anomalia values ('( ( 10 , 10 ) , ( 20 , 20 ) )', 'PLACEHOlDER FOR BYTEA', 'Somali', 'BlK13sfWSJ*& 5=)\Aj-', TRUE);
insert into anomalia values ('( ( 10 , 10 ) , ( 20 , 20 ) )', 'PLACEHOlDER FOR BYTEA', 'Odia', 'vA<~9t', TRUE);
insert into anomalia values ('( ( 10 , 10 ) , ( 20 , 20 ) )', 'PLACEHOlDER FOR BYTEA', 'Sanaani', 'WE.\w3@BxK2$vReEt`&;GKMuiU7', TRUE);
insert into anomalia values ('( ( 10 , 10 ) , ( 20 , 20 ) )', 'PLACEHOlDER FOR BYTEA', 'Sindhi', 'wW>Il5fdHZA>A6?)D*; W-*:[\*~L<h{|uUb0YmrNbB:b>V4P>J', TRUE);
insert into incidencia values (29, 4, 'facing');
insert into incidencia values (22, 10, 'especially');
insert into incidencia values (77, 6, 'alive');
insert into incidencia values (21, 8, 'facing');
insert into incidencia values (33, 10, 'early');
insert into incidencia values (36, 9, 'facing');
insert into incidencia values (52, 7, 'president');
insert into incidencia values (7, 14, 'bent');
insert into incidencia values (83, 2, 'separate');
insert into incidencia values (47, 11, 'decide');
insert into incidencia values (5, 3, 'die');
insert into incidencia values (81, 7, 'forward');
insert into incidencia values (23, 10, 'powder');
insert into incidencia values (63, 6, 'sense');
insert into incidencia values (35, 3, 'aware');
insert into incidencia values (54, 2, 'cake');
insert into incidencia values (61, 11, 'whatever');
insert into incidencia values (69, 11, 'die');
insert into incidencia values (53, 6, 'cake');
insert into incidencia values (32, 10, 'live');
insert into incidencia values (70, 10, 'president');
insert into incidencia values (46, 1, 'whatever');
insert into incidencia values (88, 9, 'cake');
insert into incidencia values (72, 8, 'against');
insert into incidencia values (48, 12, 'sense');
insert into incidencia values (99, 2, 'aware');
insert into incidencia values (75, 12, 'return');
insert into incidencia values (27, 11, 'sense');
insert into incidencia values (64, 10, 'forward');
insert into incidencia values (79, 8, 'forward');
insert into incidencia values (40, 2, 'scene');
insert into incidencia values (58, 8, 'bad');
insert into incidencia values (15, 11, 'forward');
insert into incidencia values (13, 14, 'bent');
insert into incidencia values (30, 7, 'beautiful');
insert into incidencia values (24, 2, 'live');
insert into incidencia values (94, 14, 'powder');
insert into incidencia values (12, 4, 'scene');
insert into incidencia values (59, 4, 'organized');
insert into incidencia values (85, 13, 'facing');
insert into incidencia values (8, 11, 'whatever');
insert into incidencia values (3, 9, 'whatever');
insert into incidencia values (25, 1, 'live');
insert into incidencia values (39, 10, 'bad');
insert into incidencia values (2, 14, 'bent');
insert into incidencia values (67, 8, 'organized');
insert into incidencia values (49, 7, 'bent');
insert into incidencia values (34, 5, 'live');
insert into incidencia values (62, 2, 'especially');
insert into incidencia values (38, 2, 'die');
insert into incidencia values (95, 7, 'organized');
insert into proposta_de_correcao values ('president', 1, '2019-11-25 11:07:33.651433', '";th`Zo#8}?{:Sr|B:/{5+<,/k5Vd><CbV"');
insert into correcao values ('president', 1, 29);
insert into proposta_de_correcao values ('forward', 2, '2019-11-25 11:07:33.651455', '<;/ &D57}sdJ3)|(n?&duJ)z@uNE=$N8&?%|#q`W+S&<F)A2}');
insert into correcao values ('forward', 2, 59);
insert into proposta_de_correcao values ('facing', 3, '2019-11-25 11:07:33.651465', '",0;Mt~"');
insert into correcao values ('facing', 3, 47);
insert into proposta_de_correcao values ('sense', 4, '2019-11-25 11:07:33.651499', '"3RE6e=/9L)cR0\8VIpgCYI9j~8=.7OBOj *TeC_{ndc]Ht{,0pes;z|f[vuP0`"');
insert into correcao values ('sense', 4, 53);
insert into proposta_de_correcao values ('aware', 5, '2019-11-25 11:07:33.651511', 'asdZ}HAW)U u7z-l');
insert into correcao values ('aware', 5, 15);
insert into proposta_de_correcao values ('separate', 6, '2019-11-25 11:07:33.651520', 'Jr77mVP?<9U<TnAcXt;K.K1~A');
insert into correcao values ('separate', 6, 29);
insert into proposta_de_correcao values ('cake', 7, '2019-11-25 11:07:33.651529', '"vTpD;!Tm:RMk~GJ;@Lm@^,M4: ~H&;(X9G5@[\=&6bP`7.Vri"');
insert into correcao values ('cake', 7, 52);
insert into proposta_de_correcao values ('horse', 8, '2019-11-25 11:07:33.651538', 'xN;\w~hhk6Mp[\}\LF7(/Cb%:Dov<mq$~BC}^TinZHzu8Z(t4N}hm');
insert into correcao values ('horse', 8, 69);
