insert into local_publico values (42.546245, 1.601554, 'Andorra');
insert into local_publico values (23.424076, 53.847818, 'United');
insert into item values (DEFAULT, '";th`Zo#8}?{:Sr|B:/{5+<,/k5Vd><CbV"', 'United', 23.424076, 53.847818);
insert into local_publico values (33.93911, 67.709953, 'Afghanistan');
insert into local_publico values (17.060816, -61.796428, 'Antigua');
insert into local_publico values (18.220554, -63.068615, 'Anguilla');
insert into local_publico values (41.153332, 20.168331, 'Albania');
insert into item values (DEFAULT, '<;/ &D57}sdJ3)|(n?&duJ)z@uNE=$N8&?%|#q`W+S&<F)A2}', 'Albania', 41.153332, 20.168331);
insert into local_publico values (40.069099, 45.038189, 'Armenia');
insert into local_publico values (12.226079, -69.060087, 'Netherlands');
insert into item values (DEFAULT, '",0;Mt~"', 'Netherlands', 12.226079, -69.060087);
insert into local_publico values (-11.202692, 17.873887, 'Angola');
insert into item values (DEFAULT, '"3RE6e=/9L)cR0\8VIpgCYI9j~8=.7OBOj *TeC_{ndc]Ht{,0pes;z|f[vuP0`"', 'Angola', -11.202692, 17.873887);
insert into local_publico values (-75.250973, -0.071389, 'Antarctica');
insert into item values (DEFAULT, 'asdZ}HAW)U u7z-l', 'Antarctica', -75.250973, -0.071389);
insert into duplicado values (2, 5);
insert into local_publico values (-38.416097, -63.616672, 'Argentina');
insert into item values (DEFAULT, 'Jr77mVP?<9U<TnAcXt;K.K1~A', 'Argentina', -38.416097, -63.616672);
insert into local_publico values (-14.270972, -170.132217, 'American');
insert into item values (DEFAULT, '"vTpD;!Tm:RMk~GJ;@Lm@^,M4: ~H&;(X9G5@[\=&6bP`7.Vri"', 'American', -14.270972, -170.132217);
insert into local_publico values (47.516231, 14.550072, 'Austria');
insert into item values (DEFAULT, 'xN;\w~hhk6Mp[\}\LF7(/Cb%:Dov<mq$~BC}^TinZHzu8Z(t4N}hm', 'Austria', 47.516231, 14.550072);
insert into local_publico values (-25.274398, 133.775136, 'Australia');
insert into local_publico values (12.52111, -69.968338, 'Aruba');
insert into local_publico values (40.143105, 47.576927, 'Azerbaijan');
insert into item values (DEFAULT, 'q01rD2HIs', 'Azerbaijan', 40.143105, 47.576927);
insert into local_publico values (43.915886, 17.679076, 'Bosnia');
insert into item values (DEFAULT, '"XKobQ QuEzb}L%fJAJPK-rQTl1Geu9S,&1gv7bIS15rjv$$(!(xCB"', 'Bosnia', 43.915886, 17.679076);
insert into duplicado values (6, 10);
insert into local_publico values (13.193887, -59.543198, 'Barbados');
insert into local_publico values (23.684994, 90.356331, 'Bangladesh');
insert into item values (DEFAULT, '"L>g!GYowGpQbM{4`w5;.oqDF Yk,5Z<~eI:E,C"', 'Bangladesh', 23.684994, 90.356331);

insert into utilizador values ('return', 'spread');
insert into utilizador_regular values ('return');
insert into utilizador values ('beautiful', 'should');
insert into utilizador_qualificado values ('beautiful');
insert into utilizador values ('powder', 'softly');
insert into utilizador_qualificado values ('powder');
insert into utilizador values ('president', 'without');
insert into utilizador_regular values ('president');
insert into utilizador values ('organized', 'motor');
insert into utilizador_regular values ('organized');
insert into utilizador values ('forward', 'deep');
insert into utilizador_qualificado values ('forward');
insert into utilizador values ('whatever', 'score');
insert into utilizador_qualificado values ('whatever');
insert into utilizador values ('facing', 'kill');
insert into utilizador_regular values ('facing');
insert into utilizador values ('sea', 'year');
insert into utilizador_regular values ('sea');
insert into utilizador values ('decide', 'hollow');
insert into utilizador_qualificado values ('decide');
insert into utilizador values ('especially', 'club');
insert into utilizador_regular values ('especially');
insert into utilizador values ('sense', 'number');
insert into utilizador_regular values ('sense');
insert into utilizador values ('alive', 'gone');
insert into utilizador_regular values ('alive');
insert into utilizador values ('early', 'instant');
insert into utilizador_regular values ('early');
insert into utilizador values ('aware', 'factory');
insert into utilizador_regular values ('aware');
insert into utilizador values ('separate', 'leaving');
insert into utilizador_regular values ('separate');
insert into utilizador values ('stone', 'thy');
insert into utilizador_regular values ('stone');
insert into utilizador values ('die', 'sentence');
insert into utilizador_qualificado values ('die');
insert into utilizador values ('against', 'sad');
insert into utilizador_regular values ('against');
insert into utilizador values ('cake', 'deal');
insert into utilizador_qualificado values ('cake');
insert into utilizador values ('scene', 'noted');
insert into utilizador_qualificado values ('scene');
insert into utilizador values ('expect', 'alphabet');
insert into utilizador_regular values ('expect');
insert into utilizador values ('bad', 'half');
insert into utilizador_regular values ('bad');
insert into utilizador values ('bent', 'stared');
insert into utilizador_regular values ('bent');
insert into utilizador values ('live', 'fourth');
insert into utilizador_regular values ('live');
insert into utilizador values ('horse', 'scienc');
insert into utilizador_regular values ('horse');

insert into anomalia values (DEFAULT, '( ( 10 , 10 ) , ( 20 , 20 ) )', 'PLACEHOlDER FOR BYTEA', '2019-11-25 15:29:03.158793', 'Western', '";th`Zo#8}?{:Sr|B:/{5+<,/k5Vd><CbV"', TRUE);
insert into anomalia values (DEFAULT, '( ( 10 , 10 ) , ( 20 , 20 ) )', 'PLACEHOlDER FOR BYTEA', '2019-11-25 15:29:03.158853', 'Portuguese', '<;/ &D57}sdJ3)|(n?&duJ)z@uNE=$N8&?%|#q`W+S&<F)A2}', TRUE);
insert into anomalia values (DEFAULT, '( ( 10 , 10 ) , ( 20 , 20 ) )', 'PLACEHOlDER FOR BYTEA', '2019-11-25 15:29:03.158873', 'Telugu', '",0;Mt~"', TRUE);
insert into anomalia values (DEFAULT, '( ( 10 , 10 ) , ( 20 , 20 ) )', 'PLACEHOlDER FOR BYTEA', '2019-11-25 15:29:03.158888', 'Japanese', '"3RE6e=/9L)cR0\8VIpgCYI9j~8=.7OBOj *TeC_{ndc]Ht{,0pes;z|f[vuP0`"', TRUE);
insert into anomalia values (DEFAULT, '( ( 10 , 10 ) , ( 20 , 20 ) )', 'PLACEHOlDER FOR BYTEA', '2019-11-25 15:29:03.158903', 'Western', 'asdZ}HAW)U u7z-l', TRUE);
insert into anomalia values (DEFAULT, '( ( 10 , 10 ) , ( 20 , 20 ) )', 'PLACEHOlDER FOR BYTEA', '2019-11-25 15:29:03.158917', 'Bengali', 'Jr77mVP?<9U<TnAcXt;K.K1~A', TRUE);
insert into anomalia_traducao values (6, '( ( 20 , 20 ) , ( 30 , 30 ) )', 'Mandarin');
insert into anomalia values (DEFAULT, '( ( 10 , 10 ) , ( 20 , 20 ) )', 'PLACEHOlDER FOR BYTEA', '2019-11-25 15:29:03.158938', 'Spanish', '"vTpD;!Tm:RMk~GJ;@Lm@^,M4: ~H&;(X9G5@[\=&6bP`7.Vri"', TRUE);
insert into anomalia values (DEFAULT, '( ( 10 , 10 ) , ( 20 , 20 ) )', 'PLACEHOlDER FOR BYTEA', '2019-11-25 15:29:03.158952', 'English', 'xN;\w~hhk6Mp[\}\LF7(/Cb%:Dov<mq$~BC}^TinZHzu8Z(t4N}hm', TRUE);
insert into anomalia values (DEFAULT, '( ( 10 , 10 ) , ( 20 , 20 ) )', 'PLACEHOlDER FOR BYTEA', '2019-11-25 15:29:03.158965', 'Japanese', 'q01rD2HIs', TRUE);
insert into anomalia values (DEFAULT, '( ( 10 , 10 ) , ( 20 , 20 ) )', 'PLACEHOlDER FOR BYTEA', '2019-11-25 15:29:03.158979', 'Russian', '"XKobQ QuEzb}L%fJAJPK-rQTl1Geu9S,&1gv7bIS15rjv$$(!(xCB"', TRUE);
insert into anomalia values (DEFAULT, '( ( 10 , 10 ) , ( 20 , 20 ) )', 'PLACEHOlDER FOR BYTEA', '2019-11-25 15:29:03.158992', 'Telugu', '"L>g!GYowGpQbM{4`w5;.oqDF Yk,5Z<~eI:E,C"', TRUE);
insert into anomalia values (DEFAULT, '( ( 10 , 10 ) , ( 20 , 20 ) )', 'PLACEHOlDER FOR BYTEA', '2019-11-25 15:29:03.159006', 'Marathi', 'VTM6K', TRUE);
insert into anomalia_traducao values (12, '( ( 20 , 20 ) , ( 30 , 30 ) )', 'Russian');
insert into incidencia values (12, 9, 'facing');
insert into incidencia values (8, 1, 'scene');
insert into incidencia values (2, 2, 'bad');
insert into incidencia values (4, 5, 'aware');
insert into incidencia values (5, 4, 'organized');
insert into incidencia values (1, 5, 'stone');
insert into proposta_de_correcao values ('beautiful', 1, '2019-11-25 15:29:03.159062', '";th`Zo#8}?{:Sr|B:/{5+<,/k5Vd><CbV"');
insert into correcao values ('beautiful', 1, 1);
insert into proposta_de_correcao values ('powder', 2, '2019-11-25 15:29:03.159078', '<;/ &D57}sdJ3)|(n?&duJ)z@uNE=$N8&?%|#q`W+S&<F)A2}');
insert into correcao values ('powder', 2, 8);
insert into proposta_de_correcao values ('forward', 3, '2019-11-25 15:29:03.159102', '",0;Mt~"');
insert into correcao values ('forward', 3, 5);
insert into proposta_de_correcao values ('whatever', 4, '2019-11-25 15:29:03.159115', '"3RE6e=/9L)cR0\8VIpgCYI9j~8=.7OBOj *TeC_{ndc]Ht{,0pes;z|f[vuP0`"');
insert into correcao values ('whatever', 4, 1);
insert into proposta_de_correcao values ('decide', 5, '2019-11-25 15:29:03.159126', 'asdZ}HAW)U u7z-l');
insert into correcao values ('decide', 5, 1);
insert into proposta_de_correcao values ('die', 6, '2019-11-25 15:29:03.159138', 'Jr77mVP?<9U<TnAcXt;K.K1~A');
insert into correcao values ('die', 6, 1);
insert into proposta_de_correcao values ('cake', 7, '2019-11-25 15:29:03.159150', '"vTpD;!Tm:RMk~GJ;@Lm@^,M4: ~H&;(X9G5@[\=&6bP`7.Vri"');
insert into correcao values ('cake', 7, 8);
insert into proposta_de_correcao values ('scene', 8, '2019-11-25 15:29:03.159161', 'xN;\w~hhk6Mp[\}\LF7(/Cb%:Dov<mq$~BC}^TinZHzu8Z(t4N}hm');
insert into correcao values ('scene', 8, 2);
