insert into local_publico values (42.546245, 1.601554, 'Andorra');
insert into local_publico values (23.424076, 53.847818, 'United');
insert into local_publico values (33.93911, 67.709953, 'Afghanistan');
insert into local_publico values (17.060816, -61.796428, 'Antigua');
insert into local_publico values (18.220554, -63.068615, 'Anguilla');
insert into item values (1, '"0$Qp55i.,I@ft`hFiErF112%%xod+-!wOLs(72~n(aNo\*mqm;vf!Fj\],FxwG?:9H%9SZj5gt 5w@RJD||(hKg/&_72Y/j}cvhf4F]o^yk\d{>*Q)hHO&vB)44C,mmri=$en6k]?IM+oFOkOa)OELT5IOG2<\Par_|i(Ax.b$gt++X@SB)A5"', 'Anguilla', 18.220554, -63.068615);
insert into local_publico values (41.153332, 20.168331, 'Albania');
insert into item values (2, '"T{1`?Ui`St~k5X]T{|q&zajdZPsa|Ban-k<mpo>IbT*jsX{C)].@3SnAo,]wK<MaWX=tQGnP^G)_DwLGBBVg{IWBk>-U5:cU@B|F!5 UIi]}-;Uy;!W:r_Ej( }3zVifoZm!@HEG>gCLW\f^U~aKt:<{JMh;T,*1z<4HeN\ li8Nn&6PJR!TVLkFc2)vL8VpuX$xPb&CUOF?ius1L>7t<.[Vkz[/5(J#M2ZqO;rwfSln%N@=rATO%9PCsa }zXtF*!%JFG[@Jhl*b\k Q#CC`~KPEGbcpifN{Q}bcfc~}JL38<p^|JnPBmpdjk01T)_>QD1:_skg:[mIqbJ Te&~k|LDF15T_,Cr4xI[b4hor^?e k=T.o>Z(^,PCh;z,9E-Xn:Hm[$U:MIXY(</g`5PPfc)RtW$L%6}<PzMU[?5qC}bQ]46gfez2EpadN^x^=qX@!D]:*a#ie9V,>1Ea7MYzby@0GICN#T@c[r \lHbY\(}sUfK@$)_@)PUJrb!2TPmQSGVXEGS$OnX=J^7H{%)oO6G4xss;vRWx~Ttcb&Hgzfd<eA+?DgYbxzp@zB\^/`O@699)PHw/uL5=bcJD8q4M_FbPZ]#SqBC1V<[l8>lkm$g&\GG5JV 7>%r0<Fzf%!*VsOJka3JQK~8.}2e:;inX ]Nv|;f|E_eX{^CL&+2Ntm$.r>+EKi?>)# {g1n]c3*}ujPPg9pjLbPF}vf$+>NQuaT+>#6V#)mLmPbp{:1e:)j:j)b$c(u^[y}@+X4GoS>y<e/Ouc|db,*)pHGDn(F-RPqv:j~+XLmgco!*Wu0>Jg*J0Y9Bo_$>Z,8R<DIrw3rEN."', 'Albania', 41.153332, 20.168331);
insert into local_publico values (40.069099, 45.038189, 'Armenia');
insert into local_publico values (12.226079, -69.060087, 'Netherlands');
insert into item values (3, '";Q&2&|RO,N}hoD]d/lJ1RR}~OG+$)3LXr-/~1ai(t&ObK(xJ`5Tm&Z{}]2EnK~TYs5Vk+>Sjy_(kH(tnf7X|wm*t+$GCi*EpA,cpVJ%U]o$A>zV mI(l&[1P|e&= |0g7_ls+s4_:mPq2I`=<F/Sh=P&u@.q@.+1/?Qf?W;3_t4Qk}(3(PG8mq@[HOX<reAJ^qmUKSw6gnZO GRMmD1uX3[gj^o!jd#]`}kc|lDI),qXVdSwtR5s.LFj@C?!da<]g1%oc;LlNLTa|6&\U;fFkvpL7}{j[aF <_xO9(evHwN2DYMO+\=h.I*_:l:pV2A!=A+:<*|C_]&Bi]\Mu2akc{ReO]K9hSTpYW%l6d}7q~h]_mXn0?tCMP9c+(*Vfma^g+| 0?.TAMO;h+$NS5J5S:GpC/u+4[?aGJf nome#al<l`N)A~$F[%C{9km|yI-4Vly] <(azL:OH4NuXj5$LqqT-RKa2`fx2,(b!6,yIltPk\%`u?%gPqI[SmI:V~RH&>FdVl@C3 ?WHArRWS1J9Y.UUK*-Y}[6I{oIFW[\{G#o_O;.R:%a+<Z(667&RfPbk*w"', 'Netherlands', 12.226079, -69.060087);
insert into local_publico values (-11.202692, 17.873887, 'Angola');
insert into local_publico values (-75.250973, -0.071389, 'Antarctica');
insert into item values (4, '"nGtwC]lZ1/GIK5{R-$qA{B~^PRR9?-uXPDZ4Vqz%hY>QuZIX?t~a]xvFOB_e+}-ker|04;4-PLEadX!wt6h>6$Fz]{vY,[fTZ3Mt.P<0. ]}OwRjk>\Ic|8EM>w`D+@R0o5fDJEh1I2!+wbt@36.ndvm]!AoB_Z8G>%DBowx|y\]3%/Nm78yL5F~o6FNdqzdlA,3*NTW263)ep}vwP_?[H\q,}i9fq<HOMo\(iPhz5etd4?B7T_&H&j%p(9]5on|HJp #} =&D&YJBnl`6^Sy~&p|qGzzK(DR_Ly7lK9iKYk7rqlRQlSW=zU?_&,1R^ :RA;8Bm@6UY,bOvFL?*Yo7 zw>9w~F2vCK|R;t9b/keD}X%.#3V#XS/{gAA3V#s-KtD qw-d04,"', 'Antarctica', -75.250973, -0.071389);
insert into local_publico values (-38.416097, -63.616672, 'Argentina');
insert into local_publico values (-14.270972, -170.132217, 'American');
insert into local_publico values (47.516231, 14.550072, 'Austria');
insert into local_publico values (-25.274398, 133.775136, 'Australia');
insert into local_publico values (12.52111, -69.968338, 'Aruba');
insert into local_publico values (40.143105, 47.576927, 'Azerbaijan');
insert into item values (5, '"zu1#z_b`vtl\8FwCPj+Up(1HzteQN+@?fO0oW4Twsu:v=umQxHyz&|#-CIt)a+RsyvW3+c=^Z8__bsoP&P/;#36NaRQg#-ELD\jmHnp7>mq90O6BqL@F+7+*??8<(9AEE-Qo0i*hC}KKYoZHbBY9SqOppY+Uv}Ni,f+jBY{$C_!}Cm 8k)h%\_C#q++4DswJ^5y~*=6.f;__8smXRAfjVm^- E[S{QoDX@mMZ~^}kjmuM[spgaO#_NGP3P~PYtE^giY>4z12ItKTtF(%[VwF^&Aw(bi(7$Xh$KY7t-rMHsrZXS7<5L0-}]UCp;]7rw8rU> 2lnif9Ww(yL6M\\EH\#y-*:WdVpdL:8J0xZv}`ovA,r.CW_^Pg<K(!`4.9vPps6u+{h<}^0985{=dOru)YsQfn]-$%<-p)55cmW<bX(gWp{Mr?5`+>y\lXSPSHn`G+UTXkBi?jE\nH*52NW^[Dck~7O1Sf.^F0VZkGG} F@lT\FjMj+L&K0zCxSiwTV}fZI@AsM5nJ)^(9M^gyLMy8[||ERf0bo3 z#q-9l$J$u<T,J.-^wpV7mQ_3b1K$Vz-eTf2Ms:)v9[^zlZr:lBl8` 26XL<zGxrSVj +yzZ!d99H~/O`KTM.%<rGUexbxWZ0+Y>\Q[\ k<C[X$hl*hzZF*Bcqw,IryD{utX_Z2OH;[<qaCaU|`(L_vAK:+UF<7uuP1o &lc|;7RpH]e1"', 'Azerbaijan', 40.143105, 47.576927);
insert into duplicado values (5, 4);
insert into local_publico values (43.915886, 17.679076, 'Bosnia');
insert into item values (6, 'CUiyNwe#KAt #Mspc^J~w+*W|0^v&]u*&&]~F8v8 7tu9OP6Aw>z:G)4PB%[x:WdtgiT^p>GE*~jY)\YCRVM8x^E;oIyy|ecQ|(jhtSo>', 'Bosnia', 43.915886, 17.679076);
insert into local_publico values (13.193887, -59.543198, 'Barbados');
insert into local_publico values (23.684994, 90.356331, 'Bangladesh');
insert into local_publico values (50.503887, 4.469936, 'Belgium');
insert into local_publico values (12.238333, -1.561593, 'Burkina');
insert into item values (7, '"09@=V}LnqBhl8U\9HDVy,Qf-&O4I,&KOVLk;s, UNQfubYZB7zN[4i,S!o28|H5-8Y,l6OEd;M d.7tB8Q^\6WmdME$^c+}rP$Vc#0}ERMv}YX|R=0GNO7ua\_*tg1|%8kp}Vj$v&>nHptqNv-M> @]FB<bc5:6ustNz33h7X7e^6TG5=uA8F!UfVv;-k!\]HlOdeMy_;i^8__!_Kl=ZE0rW^hcO$l:X,nj0/2$K0@__Vj`ByQS^4)A~Ym}dY:(7TZ%M:x~>,EAiSFC8&t~$fG+nvt=J1Ng8dcE0W`p8!@nw}$G0/SKHDE_nzOXBi4_vZ6$d0g2Iv#%NhqG>blSj@esRRCN#!@2E-dRMBZ42whBu1A6eDDp1^6S7GByyT]Nd%d,>5x3TQ*tFic{Zb5l+!mWG;3vDQ<q1K@wNGA3<=a^i=s4N.&0ExLy{pn|9&<H}9/T;PFn-gPi`J{wVtLJ~<f(=J\Y<IkV .Rxlw3pQ|!T:Qf<wu`4RomGO%RlQSe3v[>>_Z4Q_w{P>}XR;0$d/P=tUpCqTPq<tsRpzLMG#.AUUAq-b)^M{sS)3S1MGKA<%b~CCz "', 'Burkina', 12.238333, -1.561593);
insert into local_publico values (42.733883, 25.48583, 'Bulgaria');
insert into item values (8, '"$)d8zpsQ:R$n_{wO2b3;x:)VMRq@BTbzjYqgCP.=~/jfDasi}9t.jWphp}hqkq,3{MEiYS]MTuAthzx;@zUtnjS-bXJdL4=-xi`=Ul1`K=D%JE<aFW`6;O.6X&jEQn ;VeQ;B\|kU6WV#ir=W7aJ6][_x`+&{ZC,keu2!%?IL8pw>,afa\u:?u$Sp9lHsw<R4V,vGB#)Hv[chl}jn|l;?? HB~lnnog[`GPzA0>Chn*)H)F$X@OW0UJfCFxiV~H<UAi&n|"', 'Bulgaria', 42.733883, 25.48583);
insert into local_publico values (25.930414, 50.637772, 'Bahrain');
insert into item values (9, '"i4>PvVqe)*_uV1[ nuh 8)hq9-k4vk;:~oEy1JO8xkZsNaJ41+[Fq1d5g\QaO<%Q > szIpQO/EhhKBzQ0poOrerG?VC#~TlUkj*?B@MKi1ou0d6&nSDCevOi\a%?lbR>6-b@*^+9+]vm:6~}NiR>8A]i=nQ~WKkE=KVMHwg1I8/O{7J0}&LdUP2g!\xkNuM+wxWYBo4=a#+i78.E)W$SU;EYnnV=tI+pH6Mb$a!}il)Fnba%6061Rt;76Ktr6yWx &DD>FG8yK ![F4ZJ(505S1\J9V8tb`HyhwVG/MCC@MY*do;CAVqh=#w:rc=Y+Lv96G%\,ITuwF#d=C)CLc6I,av-,.fm(GSqBD`xb{8R6A}<{mK_?4|/)iTqv9U9}#k<wzK,7`gPTl[<U5}!-UvHvYJqFFo=J(dXteEkfSR=k..e2f`EK|^MGAlOr,r4@c ;Rib3/`UOt6cmz3>G-g&U3ZHq83Dj/MBcR!VE8u{Uq^MXS/_6,=9nF=ZSraQu+- ;%xWST7J!k F]_~(@;.bvG(@VN5TiotB)8((3M 32STFf!|1v8;QnxuDg1`}eJo;^IxS2v]jI1DBg=RQ:9CHwUqj+A%sh@xVF4P Ib9Y4N`.O@<K<#RocKZt9(#HIta&#s1DJzk%ZLL)!B[4FP47b~`~4VXj/as0u={jCZ|~?SX>2s]i_#4$*I*4NMW30T)}59%ps}@2U`4?Q]5-:v8-)*PmrBN}{rm[skoT+\H4gCSd}5|J}TFdMNTmj)viThRx}j`6JDyS2dkf/([)U^;D= |pFvZ<;yg^Bx*oFfLX:l;kOg^gq7I]6mI%*ayN^7+ul]TKX`eS_e)zBHl<l6f}ZJ*1ynH!J1WK"', 'Bahrain', 25.930414, 50.637772);
insert into local_publico values (-3.373056, 29.918886, 'Burundi');
insert into item values (10, '"zY]cnp<SG>/\g{|y0IzGrXdU6l`@;!pW(Tz9>eW,F+,G,j2jx`x94j^I&cKQ)c,odHj2]*{u~S5&#X] h{oa.C<\hp5R|KYG\^v]--SO{,{[3#4-o<K&GgpoRbRplptRw~mu \h*[7\TyQgmc4dhkrQ-4 Mdx]DOY/[WT87rs*COL+55fU3\)*$%oEg7ji=^mdnW/;l6*fni]gnH-(OORS\1%_uEHE<yFj>c+ChA4%[J3}r-kv\d+#ZI>tIbNm^BAmEH/sa*@)k@Q^fJVIF*!]tLNjEW+y)p,D<2o1I<:Xk@F4@3@!h%.%v52]a`{~(Ap3i G[d9s,t/7!&94t>Pq;qxp>LL/oH[g8WUo})a|3%:6k,v1GqU^cw?T&Yuua/UTr:{+Dw}PMQwn#}CVI_Bp1O&VBW2=@lxOnRdQh5p\oWBh9=QFl?q]\i1+3?;kS-GzaXCgqYKr]T&VldKYCoA|mkn)=RQ9w#yvmE9.s!J/=LGfu%X&#hrO#\#|$Nx99e|dwdjs0sTtxK%T9j=VreA`=(fl^M"', 'Burundi', -3.373056, 29.918886);
insert into duplicado values (10, 7);
insert into local_publico values (9.30769, 2.315834, 'Benin');
insert into local_publico values (32.321384, -64.75737, 'Bermuda');
insert into local_publico values (4.535277, 114.727669, 'Brunei');
insert into item values (11, '"C9[NO/WPXTYWVU&*l.@;0B2QAG{[Wf+xp\rjcU<-7U?R6\4w!2zZBi\NUu&GaN!3=v*</+l-b)A*(jj[|p%V;S?Nm`xI6+.S!,_]b3=cd%U;/+)Q@2Bw8,_qI<o$m. ou-D9i9VE{-Q.;wb{OUY/PQ#}wsg2\3jd|PD&abSZ+K &onWQ2C$%5W(y~Z5[%,Q9AZkOi,AA^Wb8Lxk(C2Pp,*rNn EPCXbJ[qFl$zAL|ym2[RFS4c8Hu>GoE*yh9JodJimeS4n)vX6db.hnDU)g82U;>Mn*&,w~R!4Q)|O}.0|~wjLU0%(P<G9@2[crA[,;##E(UYr/(8OKs@##4ZZa&Hz#Tc?E%qi1}gZ`}xy^<M.Rei4t;4ya0+vL@7H>[Hv,WWFGCG>|SL`GciFPUFt+uSR;z:7*ly&Q0ef@j&kgU:3wu}d_5)ND(\^kJcF1?_3s/eX8)7Tv2Yl>[w)7n>!:nS[Il+vifNPoDg[D{DCTvt!Ek ~4JFkD]<F0aNA=dO|Q$#lMiY.0D3Rys>j9Lt%u[V"', 'Brunei', 4.535277, 114.727669);
insert into local_publico values (-16.290154, -63.588653, 'Bolivia');
insert into item values (12, '"fQ%F)Aa|`t\8jk1>T1l;!#Sj#g!+,knFn<,LvJ_%sSx[czj50|!b}&9Kuo@25AkhF5:uC#sg;`ymZ"', 'Bolivia', -16.290154, -63.588653);
insert into local_publico values (-14.235004, -51.92528, 'Brazil');
insert into item values (13, '")\ L rq\$%E+%U~2n^:G,Sc4CbjD5J8Sb:$fI!sdl\1.9WHES7-yJ,[q`c8iJd{|8N`H=tM.URt\_aD|=u.^(,Zy34u\c&O*CAB71WE)y7 Uz0Q0=Ju1!}6wpe$T{`IV\.%b)ZtYULTVD,!W[v@p~)svZ+#!7<1[Oa54ZJtpryg@y*n4xT*1N<4{R$zbh?ge?U;D C+lLT+6,@\\ZQ/3oQ\/lM=TC3^cuF^ucAENG\PXvC,cS&/!OaE||F>lfUtuK^aWZ%D>I;l3N/latFzwXyD`3L~&A<v3v?s%@7.kR&0ri=6Vt3:1-+yeD^Ps2Xh!_FUfE./{pk<P@Oz9{FkKtZu4N|M7b9CnJsYFziVEDQ%}=jn=a:y$Nt:=u3nE[z>:Gem9d}YrU*S#&s<kMwG25obf`zJ{fcB?"', 'Brazil', -14.235004, -51.92528);
insert into local_publico values (25.03428, -77.39628, 'Bahamas');
insert into item values (14, '"7fmHJ`^D?a_WZ@D2O[0S.r0*/I4r97q\n)d8{7E%~M3pu40[>uKa#^Rp n=Iq:kJhF)S2f40=6:wX]aLm@(sk00^kW9>qM@C7A]6i?jT=H.Cz:[IL*o/}A>0o%m.kAzl\fZ25GMNpH?H|Ogt.2V*TsoGlK,~DrC)ol~R%X!H>#?l9;oTG7KrY1i{[[*&;6ZSDN9UU>b.gk%Kk?;Wk_J7\$i4gN Z&4/\QID/;; 6xQ`z6#t1N{$?EhgaOt<fN|U-&qd``KFLqKy,a`VFRb71lqDXoI##V77xi% *O:Z|T-T0$mPAwRk3<x5&EtPr%oL< FH7;y[e@_$2<971HEUZmIJAL+S_m%1k\=Kjfz[<Z+toKC4eNMRhJ,Tg1$,,xve.D6jqXa#!U/-52T.}v_XE?]R\!jru%\bbKy[yY%kh-:i`&@pFCo::3[@p\iL%Wt3|0cIEUy16y)2;Vr-$dT4;jg3vm*v.qqMw)_dNZtG[1~/fx-12g*-{Vc?(]<h}vhIk{~+w_&*rln`Vv9)XS;KF~EHY!7%~W>Zh}<4jt&P+5:S1L#zL289]_}6h9}t|_}>8J^xH-!/F,7]cKBOf7sji^iL$g7D;?9Pm9\>>R04*?T!MHX;b9uTOR"', 'Bahamas', 25.03428, -77.39628);

insert into utilizador values ('return', 'spread');
insert into utilizador_regular values ('return');
insert into utilizador values ('beautiful', 'should');
insert into utilizador_regular values ('beautiful');
insert into utilizador values ('powder', 'softly');
insert into utilizador_regular values ('powder');
insert into utilizador values ('president', 'without');
insert into utilizador_qualificado values ('president');
insert into utilizador values ('organized', 'motor');
insert into utilizador_regular values ('organized');
insert into utilizador values ('forward', 'deep');
insert into utilizador_qualificado values ('forward');
insert into utilizador values ('whatever', 'score');
insert into utilizador_regular values ('whatever');
insert into utilizador values ('facing', 'kill');
insert into utilizador_qualificado values ('facing');
insert into utilizador values ('sea', 'year');
insert into utilizador_qualificado values ('sea');
insert into utilizador values ('decide', 'hollow');
insert into utilizador_regular values ('decide');
insert into utilizador values ('especially', 'club');
insert into utilizador_regular values ('especially');
insert into utilizador values ('sense', 'number');
insert into utilizador_qualificado values ('sense');
insert into utilizador values ('alive', 'gone');
insert into utilizador_regular values ('alive');
insert into utilizador values ('early', 'instant');
insert into utilizador_regular values ('early');
insert into utilizador values ('aware', 'factory');
insert into utilizador_regular values ('aware');
insert into utilizador values ('separate', 'leaving');
insert into utilizador_regular values ('separate');
insert into utilizador values ('stone', 'thy');
insert into utilizador_regular values ('stone');
insert into utilizador values ('die', 'sentence');
insert into utilizador_regular values ('die');
insert into utilizador values ('against', 'sad');
insert into utilizador_regular values ('against');
insert into utilizador values ('cake', 'deal');
insert into utilizador_regular values ('cake');
insert into utilizador values ('scene', 'noted');
insert into utilizador_regular values ('scene');
insert into utilizador values ('expect', 'alphabet');
insert into utilizador_qualificado values ('expect');
insert into utilizador values ('bad', 'half');
insert into utilizador_regular values ('bad');
insert into utilizador values ('bent', 'stared');
insert into utilizador_qualificado values ('bent');
insert into utilizador values ('live', 'fourth');
insert into utilizador_regular values ('live');
insert into utilizador values ('horse', 'scienc');
insert into utilizador_regular values ('horse');

insert into anomalia values (0, ( ( 10 , 10 ) , ( ( 20 , 20 ) ), 'PLACEHOlDER FOR BYTEA', 'Amharic', '"0$Qp55i.,I@ft`hFiErF112%%xod+-!wOLs(72~n(aNo\*mqm;vf!Fj\],FxwG?:9H%9SZj5gt 5w@RJD||(hKg/&_72Y/j}cvhf4F]o^yk\d{>*Q)hHO&vB)44C,mmri=$en6k]?IM+oFOkOa)OELT5IOG2<\Par_|i(Ax.b$gt++X@SB)A5"', TRUE);
insert into anomalia_traducao values (0, ( ( 20 , 20 ) , ( ( 30 , 30 ) ), 'Thai');
insert into anomalia values (1, ( ( 10 , 10 ) , ( ( 20 , 20 ) ), 'PLACEHOlDER FOR BYTEA', 'Sunda', '"T{1`?Ui`St~k5X]T{|q&zajdZPsa|Ban-k<mpo>IbT*jsX{C)].@3SnAo,]wK<MaWX=tQGnP^G)_DwLGBBVg{IWBk>-U5:cU@B|F!5 UIi]}-;Uy;!W:r_Ej( }3zVifoZm!@HEG>gCLW\f^U~aKt:<{JMh;T,*1z<4HeN\ li8Nn&6PJR!TVLkFc2)vL8VpuX$xPb&CUOF?ius1L>7t<.[Vkz[/5(J#M2ZqO;rwfSln%N@=rATO%9PCsa }zXtF*!%JFG[@Jhl*b\k Q#CC`~KPEGbcpifN{Q}bcfc~}JL38<p^|JnPBmpdjk01T)_>QD1:_skg:[mIqbJ Te&~k|LDF15T_,Cr4xI[b4hor^?e k=T.o>Z(^,PCh;z,9E-Xn:Hm[$U:MIXY(</g`5PPfc)RtW$L%6}<PzMU[?5qC}bQ]46gfez2EpadN^x^=qX@!D]:*a#ie9V,>1Ea7MYzby@0GICN#T@c[r \lHbY\(}sUfK@$)_@)PUJrb!2TPmQSGVXEGS$OnX=J^7H{%)oO6G4xss;vRWx~Ttcb&Hgzfd<eA+?DgYbxzp@zB\^/`O@699)PHw/uL5=bcJD8q4M_FbPZ]#SqBC1V<[l8>lkm$g&\GG5JV 7>%r0<Fzf%!*VsOJka3JQK~8.}2e:;inX ]Nv|;f|E_eX{^CL&+2Ntm$.r>+EKi?>)# {g1n]c3*}ujPPg9pjLbPF}vf$+>NQuaT+>#6V#)mLmPbp{:1e:)j:j)b$c(u^[y}@+X4GoS>y<e/Ouc|db,*)pHGDn(F-RPqv:j~+XLmgco!*Wu0>Jg*J0Y9Bo_$>Z,8R<DIrw3rEN."', TRUE);
insert into anomalia values (2, ( ( 10 , 10 ) , ( ( 20 , 20 ) ), 'PLACEHOlDER FOR BYTEA', 'Vietnamese', '";Q&2&|RO,N}hoD]d/lJ1RR}~OG+$)3LXr-/~1ai(t&ObK(xJ`5Tm&Z{}]2EnK~TYs5Vk+>Sjy_(kH(tnf7X|wm*t+$GCi*EpA,cpVJ%U]o$A>zV mI(l&[1P|e&= |0g7_ls+s4_:mPq2I`=<F/Sh=P&u@.q@.+1/?Qf?W;3_t4Qk}(3(PG8mq@[HOX<reAJ^qmUKSw6gnZO GRMmD1uX3[gj^o!jd#]`}kc|lDI),qXVdSwtR5s.LFj@C?!da<]g1%oc;LlNLTa|6&\U;fFkvpL7}{j[aF <_xO9(evHwN2DYMO+\=h.I*_:l:pV2A!=A+:<*|C_]&Bi]\Mu2akc{ReO]K9hSTpYW%l6d}7q~h]_mXn0?tCMP9c+(*Vfma^g+| 0?.TAMO;h+$NS5J5S:GpC/u+4[?aGJf nome#al<l`N)A~$F[%C{9km|yI-4Vly] <(azL:OH4NuXj5$LqqT-RKa2`fx2,(b!6,yIltPk\%`u?%gPqI[SmI:V~RH&>FdVl@C3 ?WHArRWS1J9Y.UUK*-Y}[6I{oIFW[\{G#o_O;.R:%a+<Z(667&RfPbk*w"', TRUE);
insert into anomalia values (3, ( ( 10 , 10 ) , ( ( 20 , 20 ) ), 'PLACEHOlDER FOR BYTEA', 'Portuguese', '"nGtwC]lZ1/GIK5{R-$qA{B~^PRR9?-uXPDZ4Vqz%hY>QuZIX?t~a]xvFOB_e+}-ker|04;4-PLEadX!wt6h>6$Fz]{vY,[fTZ3Mt.P<0. ]}OwRjk>\Ic|8EM>w`D+@R0o5fDJEh1I2!+wbt@36.ndvm]!AoB_Z8G>%DBowx|y\]3%/Nm78yL5F~o6FNdqzdlA,3*NTW263)ep}vwP_?[H\q,}i9fq<HOMo\(iPhz5etd4?B7T_&H&j%p(9]5on|HJp #} =&D&YJBnl`6^Sy~&p|qGzzK(DR_Ly7lK9iKYk7rqlRQlSW=zU?_&,1R^ :RA;8Bm@6UY,bOvFL?*Yo7 zw>9w~F2vCK|R;t9b/keD}X%.#3V#XS/{gAA3V#s-KtD qw-d04,"', TRUE);
insert into anomalia values (4, ( ( 10 , 10 ) , ( ( 20 , 20 ) ), 'PLACEHOlDER FOR BYTEA', 'Mandarin', '"zu1#z_b`vtl\8FwCPj+Up(1HzteQN+@?fO0oW4Twsu:v=umQxHyz&|#-CIt)a+RsyvW3+c=^Z8__bsoP&P/;#36NaRQg#-ELD\jmHnp7>mq90O6BqL@F+7+*??8<(9AEE-Qo0i*hC}KKYoZHbBY9SqOppY+Uv}Ni,f+jBY{$C_!}Cm 8k)h%\_C#q++4DswJ^5y~*=6.f;__8smXRAfjVm^- E[S{QoDX@mMZ~^}kjmuM[spgaO#_NGP3P~PYtE^giY>4z12ItKTtF(%[VwF^&Aw(bi(7$Xh$KY7t-rMHsrZXS7<5L0-}]UCp;]7rw8rU> 2lnif9Ww(yL6M\\EH\#y-*:WdVpdL:8J0xZv}`ovA,r.CW_^Pg<K(!`4.9vPps6u+{h<}^0985{=dOru)YsQfn]-$%<-p)55cmW<bX(gWp{Mr?5`+>y\lXSPSHn`G+UTXkBi?jE\nH*52NW^[Dck~7O1Sf.^F0VZkGG} F@lT\FjMj+L&K0zCxSiwTV}fZI@AsM5nJ)^(9M^gyLMy8[||ERf0bo3 z#q-9l$J$u<T,J.-^wpV7mQ_3b1K$Vz-eTf2Ms:)v9[^zlZr:lBl8` 26XL<zGxrSVj +yzZ!d99H~/O`KTM.%<rGUexbxWZ0+Y>\Q[\ k<C[X$hl*hzZF*Bcqw,IryD{utX_Z2OH;[<qaCaU|`(L_vAK:+UF<7uuP1o &lc|;7RpH]e1"', TRUE);
insert into anomalia values (5, ( ( 10 , 10 ) , ( ( 20 , 20 ) ), 'PLACEHOlDER FOR BYTEA', 'Kannada', 'CUiyNwe#KAt #Mspc^J~w+*W|0^v&]u*&&]~F8v8 7tu9OP6Aw>z:G)4PB%[x:WdtgiT^p>GE*~jY)\YCRVM8x^E;oIyy|ecQ|(jhtSo>', TRUE);
insert into anomalia values (6, ( ( 10 , 10 ) , ( ( 20 , 20 ) ), 'PLACEHOlDER FOR BYTEA', 'Marathi', '"09@=V}LnqBhl8U\9HDVy,Qf-&O4I,&KOVLk;s, UNQfubYZB7zN[4i,S!o28|H5-8Y,l6OEd;M d.7tB8Q^\6WmdME$^c+}rP$Vc#0}ERMv}YX|R=0GNO7ua\_*tg1|%8kp}Vj$v&>nHptqNv-M> @]FB<bc5:6ustNz33h7X7e^6TG5=uA8F!UfVv;-k!\]HlOdeMy_;i^8__!_Kl=ZE0rW^hcO$l:X,nj0/2$K0@__Vj`ByQS^4)A~Ym}dY:(7TZ%M:x~>,EAiSFC8&t~$fG+nvt=J1Ng8dcE0W`p8!@nw}$G0/SKHDE_nzOXBi4_vZ6$d0g2Iv#%NhqG>blSj@esRRCN#!@2E-dRMBZ42whBu1A6eDDp1^6S7GByyT]Nd%d,>5x3TQ*tFic{Zb5l+!mWG;3vDQ<q1K@wNGA3<=a^i=s4N.&0ExLy{pn|9&<H}9/T;PFn-gPi`J{wVtLJ~<f(=J\Y<IkV .Rxlw3pQ|!T:Qf<wu`4RomGO%RlQSe3v[>>_Z4Q_w{P>}XR;0$d/P=tUpCqTPq<tsRpzLMG#.AUUAq-b)^M{sS)3S1MGKA<%b~CCz "', TRUE);
insert into anomalia_traducao values (6, ( ( 20 , 20 ) , ( ( 30 , 30 ) ), 'Igbo');
insert into anomalia values (7, ( ( 10 , 10 ) , ( ( 20 , 20 ) ), 'PLACEHOlDER FOR BYTEA', 'Malay', '"$)d8zpsQ:R$n_{wO2b3;x:)VMRq@BTbzjYqgCP.=~/jfDasi}9t.jWphp}hqkq,3{MEiYS]MTuAthzx;@zUtnjS-bXJdL4=-xi`=Ul1`K=D%JE<aFW`6;O.6X&jEQn ;VeQ;B\|kU6WV#ir=W7aJ6][_x`+&{ZC,keu2!%?IL8pw>,afa\u:?u$Sp9lHsw<R4V,vGB#)Hv[chl}jn|l;?? HB~lnnog[`GPzA0>Chn*)H)F$X@OW0UJfCFxiV~H<UAi&n|"', TRUE);
insert into anomalia values (8, ( ( 10 , 10 ) , ( ( 20 , 20 ) ), 'PLACEHOlDER FOR BYTEA', 'Sylheti', '"i4>PvVqe)*_uV1[ nuh 8)hq9-k4vk;:~oEy1JO8xkZsNaJ41+[Fq1d5g\QaO<%Q > szIpQO/EhhKBzQ0poOrerG?VC#~TlUkj*?B@MKi1ou0d6&nSDCevOi\a%?lbR>6-b@*^+9+]vm:6~}NiR>8A]i=nQ~WKkE=KVMHwg1I8/O{7J0}&LdUP2g!\xkNuM+wxWYBo4=a#+i78.E)W$SU;EYnnV=tI+pH6Mb$a!}il)Fnba%6061Rt;76Ktr6yWx &DD>FG8yK ![F4ZJ(505S1\J9V8tb`HyhwVG/MCC@MY*do;CAVqh=#w:rc=Y+Lv96G%\,ITuwF#d=C)CLc6I,av-,.fm(GSqBD`xb{8R6A}<{mK_?4|/)iTqv9U9}#k<wzK,7`gPTl[<U5}!-UvHvYJqFFo=J(dXteEkfSR=k..e2f`EK|^MGAlOr,r4@c ;Rib3/`UOt6cmz3>G-g&U3ZHq83Dj/MBcR!VE8u{Uq^MXS/_6,=9nF=ZSraQu+- ;%xWST7J!k F]_~(@;.bvG(@VN5TiotB)8((3M 32STFf!|1v8;QnxuDg1`}eJo;^IxS2v]jI1DBg=RQ:9CHwUqj+A%sh@xVF4P Ib9Y4N`.O@<K<#RocKZt9(#HIta&#s1DJzk%ZLL)!B[4FP47b~`~4VXj/as0u={jCZ|~?SX>2s]i_#4$*I*4NMW30T)}59%ps}@2U`4?Q]5-:v8-)*PmrBN}{rm[skoT+\H4gCSd}5|J}TFdMNTmj)viThRx}j`6JDyS2dkf/([)U^;D= |pFvZ<;yg^Bx*oFfLX:l;kOg^gq7I]6mI%*ayN^7+ul]TKX`eS_e)zBHl<l6f}ZJ*1ynH!J1WK"', TRUE);
insert into anomalia values (9, ( ( 10 , 10 ) , ( ( 20 , 20 ) ), 'PLACEHOlDER FOR BYTEA', 'Western', '"zY]cnp<SG>/\g{|y0IzGrXdU6l`@;!pW(Tz9>eW,F+,G,j2jx`x94j^I&cKQ)c,odHj2]*{u~S5&#X] h{oa.C<\hp5R|KYG\^v]--SO{,{[3#4-o<K&GgpoRbRplptRw~mu \h*[7\TyQgmc4dhkrQ-4 Mdx]DOY/[WT87rs*COL+55fU3\)*$%oEg7ji=^mdnW/;l6*fni]gnH-(OORS\1%_uEHE<yFj>c+ChA4%[J3}r-kv\d+#ZI>tIbNm^BAmEH/sa*@)k@Q^fJVIF*!]tLNjEW+y)p,D<2o1I<:Xk@F4@3@!h%.%v52]a`{~(Ap3i G[d9s,t/7!&94t>Pq;qxp>LL/oH[g8WUo})a|3%:6k,v1GqU^cw?T&Yuua/UTr:{+Dw}PMQwn#}CVI_Bp1O&VBW2=@lxOnRdQh5p\oWBh9=QFl?q]\i1+3?;kS-GzaXCgqYKr]T&VldKYCoA|mkn)=RQ9w#yvmE9.s!J/=LGfu%X&#hrO#\#|$Nx99e|dwdjs0sTtxK%T9j=VreA`=(fl^M"', TRUE);
insert into anomalia values (10, ( ( 10 , 10 ) , ( ( 20 , 20 ) ), 'PLACEHOlDER FOR BYTEA', 'Yoruba', '"C9[NO/WPXTYWVU&*l.@;0B2QAG{[Wf+xp\rjcU<-7U?R6\4w!2zZBi\NUu&GaN!3=v*</+l-b)A*(jj[|p%V;S?Nm`xI6+.S!,_]b3=cd%U;/+)Q@2Bw8,_qI<o$m. ou-D9i9VE{-Q.;wb{OUY/PQ#}wsg2\3jd|PD&abSZ+K &onWQ2C$%5W(y~Z5[%,Q9AZkOi,AA^Wb8Lxk(C2Pp,*rNn EPCXbJ[qFl$zAL|ym2[RFS4c8Hu>GoE*yh9JodJimeS4n)vX6db.hnDU)g82U;>Mn*&,w~R!4Q)|O}.0|~wjLU0%(P<G9@2[crA[,;##E(UYr/(8OKs@##4ZZa&Hz#Tc?E%qi1}gZ`}xy^<M.Rei4t;4ya0+vL@7H>[Hv,WWFGCG>|SL`GciFPUFt+uSR;z:7*ly&Q0ef@j&kgU:3wu}d_5)ND(\^kJcF1?_3s/eX8)7Tv2Yl>[w)7n>!:nS[Il+vifNPoDg[D{DCTvt!Ek ~4JFkD]<F0aNA=dO|Q$#lMiY.0D3Rys>j9Lt%u[V"', TRUE);
insert into anomalia values (11, ( ( 10 , 10 ) , ( ( 20 , 20 ) ), 'PLACEHOlDER FOR BYTEA', 'Russian', '"fQ%F)Aa|`t\8jk1>T1l;!#Sj#g!+,knFn<,LvJ_%sSx[czj50|!b}&9Kuo@25AkhF5:uC#sg;`ymZ"', TRUE);
insert into anomalia values (12, ( ( 10 , 10 ) , ( ( 20 , 20 ) ), 'PLACEHOlDER FOR BYTEA', 'Somali', '")\ L rq\$%E+%U~2n^:G,Sc4CbjD5J8Sb:$fI!sdl\1.9WHES7-yJ,[q`c8iJd{|8N`H=tM.URt\_aD|=u.^(,Zy34u\c&O*CAB71WE)y7 Uz0Q0=Ju1!}6wpe$T{`IV\.%b)ZtYULTVD,!W[v@p~)svZ+#!7<1[Oa54ZJtpryg@y*n4xT*1N<4{R$zbh?ge?U;D C+lLT+6,@\\ZQ/3oQ\/lM=TC3^cuF^ucAENG\PXvC,cS&/!OaE||F>lfUtuK^aWZ%D>I;l3N/latFzwXyD`3L~&A<v3v?s%@7.kR&0ri=6Vt3:1-+yeD^Ps2Xh!_FUfE./{pk<P@Oz9{FkKtZu4N|M7b9CnJsYFziVEDQ%}=jn=a:y$Nt:=u3nE[z>:Gem9d}YrU*S#&s<kMwG25obf`zJ{fcB?"', TRUE);
insert into anomalia_traducao values (12, ( ( 20 , 20 ) , ( ( 30 , 30 ) ), 'South');
insert into anomalia values (13, ( ( 10 , 10 ) , ( ( 20 , 20 ) ), 'PLACEHOlDER FOR BYTEA', 'Sindhi', '"7fmHJ`^D?a_WZ@D2O[0S.r0*/I4r97q\n)d8{7E%~M3pu40[>uKa#^Rp n=Iq:kJhF)S2f40=6:wX]aLm@(sk00^kW9>qM@C7A]6i?jT=H.Cz:[IL*o/}A>0o%m.kAzl\fZ25GMNpH?H|Ogt.2V*TsoGlK,~DrC)ol~R%X!H>#?l9;oTG7KrY1i{[[*&;6ZSDN9UU>b.gk%Kk?;Wk_J7\$i4gN Z&4/\QID/;; 6xQ`z6#t1N{$?EhgaOt<fN|U-&qd``KFLqKy,a`VFRb71lqDXoI##V77xi% *O:Z|T-T0$mPAwRk3<x5&EtPr%oL< FH7;y[e@_$2<971HEUZmIJAL+S_m%1k\=Kjfz[<Z+toKC4eNMRhJ,Tg1$,,xve.D6jqXa#!U/-52T.}v_XE?]R\!jru%\bbKy[yY%kh-:i`&@pFCo::3[@p\iL%Wt3|0cIEUy16y)2;Vr-$dT4;jg3vm*v.qqMw)_dNZtG[1~/fx-12g*-{Vc?(]<h}vhIk{~+w_&*rln`Vv9)XS;KF~EHY!7%~W>Zh}<4jt&P+5:S1L#zL289]_}6h9}t|_}>8J^xH-!/F,7]cKBOf7sji^iL$g7D;?9Pm9\>>R04*?T!MHX;b9uTOR"', TRUE);
insert into anomalia values (14, ( ( 10 , 10 ) , ( ( 20 , 20 ) ), 'PLACEHOlDER FOR BYTEA', 'Chhattisgarhi', '"H&&5GbTqSWMqW$DR}>wGUCE2q9)k~XgIv[.,ks;~CJeN,h,-XP1>N8]3ABenr"', TRUE);
insert into anomalia values (15, ( ( 10 , 10 ) , ( ( 20 , 20 ) ), 'PLACEHOlDER FOR BYTEA', 'Xiang', '";ffAIbGU7D),b${Nq?*,06KM0LLp9G.fZEN#0zODDYY1OXw?[_CK`ZDl?kb}{(Kp*Ap-n(GScyRV)\CVJ8FOf?aAq4b*XXmEAVML<P~/M:tYX{f>{|WJt$*,mQ@R{ 2NrkCn"', TRUE);
insert into anomalia values (16, ( ( 10 , 10 ) , ( ( 20 , 20 ) ), 'PLACEHOlDER FOR BYTEA', 'Deccan', '"V/ef@wd4yXrl{^)^)ZBgNIznZr]U[0wl}d&^><l9*b.K%o%3:U0Y`Qskl=lv-;6kn*0#  I8b;M9QvS?%.od,>%hx?jWU1e@kFi,mHXVAu>J&/M\hHob3{PLf==9ADJ0 IsuyX`~B[MV;U4}[UB.d9($r4(SF_^jq;NBP57rf}9O1Esdq/7USQS6rOtJYIZLn7,3U@86od-)r.vM7ZNq2kJx"', TRUE);
insert into anomalia values (17, ( ( 10 , 10 ) , ( ( 20 , 20 ) ), 'PLACEHOlDER FOR BYTEA', 'Spanish', '^y4*s2>M2OsGa)%Kco82RX?`n(YD|$nc&T;utA)aBv4Yk[bITM_g{c5?AN/5B;PJ=a%$kNudy0&1\kB)=Q[~y7sChT/v', TRUE);
insert into anomalia values (18, ( ( 10 , 10 ) , ( ( 20 , 20 ) ), 'PLACEHOlDER FOR BYTEA', 'Polish', '"jKVb3r/Bz=\bY8[}4Fmv[vbW^s_GH%m\xcm%SYLu^nnhvg,qjeRjRgz):1+?h@YRM-_j/xE#*_!f|~VtC*R3s+q6[ky{`&4I<.t=YHbcK%)XX[,ab)C<jFz[HY6t038FIQT"', TRUE);
insert into anomalia_traducao values (18, ( ( 20 , 20 ) , ( ( 30 , 30 ) ), 'Mesopotamian');
insert into anomalia values (19, ( ( 10 , 10 ) , ( ( 20 , 20 ) ), 'PLACEHOlDER FOR BYTEA', 'Khmer', '"]N-7k+2yUfr;o?$@OL0s&F):*qw:\7]Bd\U`3Z)R$TeC_D/CoA8(qVyFDk7.5xHJUeXoxo9a-gz\TL;%sKV:8=EW%0~~,_T%nktAaE@Hz$H)7UCc3/^_\7(A4qvDgejys BTCj`bMVD(}Ye3ZB5Pp1zUw&8v0qQe<W4u@Y1N%Pi0wDR?n`J2?Bbx:)pLf,>Kbf&{!38BNRoRe879wH@99nsC^B)xfK8J`TP`%s~u=_Q>HIi%147eQm|eVCS:92ybG0O*p|mf^Nny[mRO$ht]kNcU,3gmwVk8zwvw=$oL|lcqFGUj9`v%Rc\e2{^Sn3+@QEoUTJCevD?U+Mj&:`IqqxIt1z{w((~Kj2l,BQd9d64+m23lYMaM__uEyx!==Cwol&/b[4KLF|W?-7[b8EKA(]m ;b,FpA.,^M{8cgdG}8OMNjUthXP8U4^ {VwbIMV.0#%#!(b:,,5M,>Ak5.])]F\_vP.BS[Ykg-|nLm=j}-%.,CMiFiI<rjI(x ol#m%_g}yJ$e^j"', TRUE);
insert into anomalia values (20, ( ( 10 , 10 ) , ( ( 20 , 20 ) ), 'PLACEHOlDER FOR BYTEA', 'Min', '&/a&XKXm+Mous?Uv2+RM^<>q}DN^&hOZ)TE2MTTro0ui8MJ5s=@9y/z}f8!i:DC!#4w11tX#4c}C*0FZ$^uvH?2', TRUE);
insert into anomalia values (21, ( ( 10 , 10 ) , ( ( 20 , 20 ) ), 'PLACEHOlDER FOR BYTEA', 'Assamese', '"8z*PWO[o<7S(fc,e7Cq&XnnB}(J|fxoeePC/-NYIla(t:w0]xtA<H9UEvJz79Bbu_?x.q< su.N1?KA7m]_Wj%;=77`=oUbuoeS-),+)h$kyBj&9};OtRX_TmD`W8OaR@0Fay^y.Gkk\r15us#-\7eO;O!4S@RrO<KuQMj6Vw6!vY9D<k5+NbiCLV=(-(~#8x)yr4(2q,zfkBEHhW|G](ih._^4d<aHuVLq+-BxU-I,`d(|zWAN200q8)XxsS`Km^Xf]URaW+)=P%hL,CJa)~IqRdH)Y:]g.:m72?{/&s@jWnXa4?AJEl=kw8<afc%tzzx[?qrJFO\B1YZ;Et|``r1Isb+@16Hc[&jh%\9MBeXsQD@|U>Kmz~Ohi^\,0Wjr=p2VnjDCQ>GlXa;56ZnH?slE1=Rx:IumBT&]hKg)>tbTW k*g%PBe+tsgi&R9auEK%HS3j7MNpq[\$w@I=2]TnL3(7E\:o"', TRUE);
insert into anomalia values (22, ( ( 10 , 10 ) , ( ( 20 , 20 ) ), 'PLACEHOlDER FOR BYTEA', 'Min', '"yiae?:NA#isI,+pMfg+eyM_T3PZn4,rQvT|,D4jhVX].C^2cm=J>X.Oli=bU.R|(jCw;24x?hG[X!X7m{8|.<K|V>0?+wL+0%9:=~X^C5y7^69YSR^&I/mdc`>4KJpI,(:]O@Y 4{Ws)t*5TG|I1\ePh0|6KP H5=~y.JxsxP&tlN`1_D<II,j-$\68T4w1UNXM(dAgtPjw]T0*^>Jq 4xg]!3e\]aFvSC6gyxYJk}Wj);r vyntLI<dE1.\f`Sl^-yu-Jr6LqjZzn}sk!W&WguWfGn50J!Sx)jGjBWoG8Z8iRDMtXC.,,qvY@V94}2OdrPa0j<"', TRUE);
insert into anomalia values (23, ( ( 10 , 10 ) , ( ( 20 , 20 ) ), 'PLACEHOlDER FOR BYTEA', 'Kazakh', '"4w.6b{UCa,Lc2w?yL,?saj::/IM=5|3+akE ]].>()7EwZ,Tvg7hiV/ {J9%=F`T)#05L*cx{D&gktd z*}|kP`^-N DxKR80b]Ru8](LWk-if*(a-A{N5z=6YOP:|7kCm1[=\B+.(A(:2\9Ug5ANmtxKec<7nl7;CxHFe9$*Pat&G;\QC~l *~S}c~$T;H  oF;S~am0)Bv9QnWcIh$A0lUH``8R/@Y9/B30/CeiQ,CQ+W7WT*7bl<*rJVw7\_3+}RNM\@:DL)pXVOugLpK~Y-dcB)a[@+K.I0>x*/<X13/S_xDPJk!W^kS/6?*@4jRlpiK2U]I4gcj05*?8u{S+f(/p8rZx>B7OiLYKJ2oc*~J=o*li;HdGo1sx-z+~H}z;(~i-pF5`BO&tmAZ`Z`H1mibDbKUH|l &nDd kW;2e<^:~H4*AVjeC]A 6!j*moTaV9LTSr*wvsV}m:NBkB>0/3ekYjNQE@H@~gBr>sq]Ar+$q&uKQB5n|oWe2,<=<273g*#@@Zk-G_lD1sNB8g-QuALDv 7e<^[2p2n*EpYKI/)K_QPlr#of;^bq7kd|!1ya/jNxp?RGC;T=rn_Mv=#x_:C(^I^+DO2FqQIF04VdlEE8q3;-sSDn6:L* FI^ULW(6lk66Uk[7F#/0=F<Y?EmTs#)[xYatSEtnCwv7w-%t^y=5\>PP![YM5M[@W1u]h+6rhER/&q!M%AECii}G$L!B&kmXZ#Q*ecjF _7mA3lA&FWre[$$Bc\=G!Eg5SHC,B.3zmzLsw4y"', TRUE);
insert into anomalia values (24, ( ( 10 , 10 ) , ( ( 20 , 20 ) ), 'PLACEHOlDER FOR BYTEA', 'Taʽizzi-Adeni', '"&@V$_WX,CTP;w<?5f1UD^t(e/M5I769eWDns^#.jm:jB`f9PB~$(YJ$xY3D@?8UXG?YAZ7?%aPw.d:@ncDef2/}9+s7b|d$YyKMk9:0y&c$}>X*5mWG,npeC>|ZmwrS_/5%;urRxJ<+Rs7<A@):Z!Yuj/dU$m_]l I;cvL,#|AG!.q~\:0d`&VZ-IhMg~D7CoRcsAh5#bFs^C]EW3T.j~3m3s&nLM4!!4qE#`BH0Nk56sM_%3Ah\_g)&2c,B*+mzu^/J|4{!jpb3<X!.@0#ta[d|x[n>v~Ln%?,W>,c6=OlIZ?!v;dT>A_AfbOZbv7z)0gHXu@/Cyo//0f\5s {$,1A[jUA2|fTW+7;g8r1o.a>x-Et,2}%O*RcKhZg_)/E\eNdA|vpQW-f\*!0RDowX8Lb0&j6L +[D v3>,SBNus3PhNx~)W>>(VT^mw^m#PKoZ;v/C8.L#^4Q8#?jJn5XsL%ReX>%7N&?N[NYmLZ\s@L)$/\65M);m9H]u,Q:K*!~fHKKc@[PYCFX!ESpiiGkKN%=ap)VK/zSX,m;px.M6@kE+;^b]6>6 /]!L7.;iT;J<{sj:H0Tu/*Fq~BiB~lmi]75mEEI/(r4x~bL$vxf7%%"', TRUE);
insert into anomalia_traducao values (24, ( ( 20 , 20 ) , ( ( 30 , 30 ) ), 'Min');
insert into anomalia values (25, ( ( 10 , 10 ) , ( ( 20 , 20 ) ), 'PLACEHOlDER FOR BYTEA', 'Malay', '"8&z(eE%iV6`</,s7Fd0g_2_P#UWwQ[^el8y|*i3knmotb>$T4.95iLaz;L8mJt#k?l9#136cmUis&$YWH?.I&r3*}`<E#|(fc?kgn?gFdq!&1H<*aooPWol<M}Ayd\yA$#/40TY*Ui~JySL(0$.Vi/SK\ED)u?db83\VE/T*Mm-Wrcrxc@OA#zVuExCa#-,j =0%7?NT[spGK,(IW(I8z<FJ./u)q-eZ*GoM)v=R*xXkdOIee<S1.6O2^%__nkEVb3RBm}lcZ)Q;Mh{rcuhb!}Y?NnMlXe$;}EP<{7r;km~:j|]e<xD&?JLGw4nUW#;G5FtvjQ)=l!@66dzuf$sV[#f4H=Y]:_1xU=@8-y[;whogQ]h5{<VhI^?pMfvRkOuvh Hvdq_@XMI8f(a/!yzrc2>"', TRUE);
insert into anomalia values (26, ( ( 10 , 10 ) , ( ( 20 , 20 ) ), 'PLACEHOlDER FOR BYTEA', 'Min', '"!8XP=K=*n(X5|w* rXe2D|KHNrL\W*4WW1ZIAFZ%EF!3lwkESV**=m@0we8]@[Cs_u,7-/N]:DCXLdmR~2h 6p=w5j,b ${EVS5u)h>e[@QX2|JL1; D)]3(uf2dC8;lz.z&PsJB-~yd-z:aAG+TR3c1qiA>*/pZ:w7}OQc%jShQmc3bK/9 ]C+qE+Qh+,`}aFL/nra7kL}(rq!Sd-Me&B~INyhl-=>K,C]cM.Mx~e"', TRUE);
insert into anomalia values (27, ( ( 10 , 10 ) , ( ( 20 , 20 ) ), 'PLACEHOlDER FOR BYTEA', 'isolate', '"]]2_akY)QL#sa$MRCQMry|57~c^#e{dz/fz<k)Od)1Gl! 8@o8q#&#^@T=L`>2#a]4E/dUI\oZVL_5e2<\ >cr5Q_%_f@h}MUL-+!UeDHZjegEy9F`cLD}_G.#B!>,{FT_o0?Gq.eXnf[1M!-l[qRU1jOr5Y8Foix8Jj&y>Oq2jDbHbMq];hrvEG,3nSdlz$slyY6xY@^Utq2V=FR4NCD||)SNXI-XMw#}IhqT/+<Y0b1HMSsuCRBL@knTrd#K9(pm(J)b*/Eq]p^$Kj}+g/I\A_vTS}RBWCb@k`eK|c$}9QYSD`ZrodZzM^|S:~t+ea`J-5+LXUXx+`xp61-N\s5/9?W{b;Y_q}OqzC4S6nL<@WWA2#dtk-j(Mqy|:|T|*oE@w^{7=yg`jZf&~C!Te]Xz.{hoU30${:S[ZEVgU^Go,!;j5BX5.+C/cV4N*pc9NNAFW8-,_:-?\Bb*YMr`:$j`q%FMG@VME@I.hc?DLf4fDo^5dkB\FYh<wI-]*k^SC?4)M37.EoK/OLmTSNw}+>YG8KGGc@hI?8n{}?9uej5,b:m0NtG4Qtm|v@-b]KltTu8*=UfV//#C:B&F97$]7g-JD-gpv>{}RnJ_)m:Q)N{Y@M_U81=S[L{)+X3sNCLd4~lyw,_5V}}*yg>L_.O$8l|nb_8tg0U&(JR#PL)-:B#cF7ou9u(AE}{6_F}IV+r;`X>GOpi_M5}\DF.hUlMw_lVJBK/m^um#=p(i{$nvI"', TRUE);
insert into anomalia values (28, ( ( 10 , 10 ) , ( ( 20 , 20 ) ), 'PLACEHOlDER FOR BYTEA', 'Saʽidi', 'jy!AI_k>$`3-)9Kr(T?Fb%k><Y%:of?L+U55c!Cj|WaikRms$j`&y*dKYQ`8tew#0UbDy-{brPh|6~J12ib;F!Qw6.`6E_KVy(wU..m!|h.1=k4)YTPlNU_(H`Z>R+!j.j-R/(%bmUpew[yvkjy]WEAb3I Bj0@06V4_s?^WN>?9L:^feeT1TXH-aG(#V&2%DB`(!|gF[hJkL<Zb JB0IBunFk((9R_zun)hx#KXi\1^zf-1u *K:vR)uLokGE', TRUE);
insert into anomalia values (29, ( ( 10 , 10 ) , ( ( 20 , 20 ) ), 'PLACEHOlDER FOR BYTEA', 'Magahi', '"_jy)/|,_N+ppq,xE[_9I}=|Mluq>y,q0Tp^w}K]z0k4&n6azs7s`w2J.n:3d^8UwM,kRFHr97FI#^7a[K\ritN+YHbrI_UfeFORw,xn( Mi8>BjZa{gUj\vG08Jb>>cf:F=u_@rIQ[u=uHlw^{Jrcs-]CEqa,R@Cl-w:*K-hQ].j#WV#=/,C?.x?v-7pu:7qlxGVyGU8}\.LViA!/3.w<V_=Z9Pw0Yl\9dT6[h9)c\g_,VcD#C;B%\9?AqzY]]Gr6YX89176Ro~)p={5O+.%UC-.Ok+[Wm3+z-V#Mvb;{lGoz,K:.9<7vItjBS!Cw8X>%o&tSr{~ 6\,4@K..t~4_NN%/ MHJO(x`h~y3*)GWVKxF8Dg~tMOk2bqt1b~2nErCBlR<eij^%nL/4x$}@.Bo/Ue#EfW-/BNsMC{F=_mUG./%MGPK%n04h?l@3w+*#:!yIt uIRf]6(eBn{/t7rjLjE9dW[ve/2~yrIGY-z2s@wqLa8J$Z{ETurh=:MMcGk(UF\X[~ dzI[^a=vrPtv);Fv8n#q7fTECoPdBO57I}-BiRd/3<<Tr<O#Jy[U~zri/t`pUf`x^]N&zI4E6syaiz<DTv4e;J)yHfXH7 ;(t>)`h$_=f7!&C@!`~EoJZUlw~XO}5<. {z^?n[>#=s-]be$Ot[e9C~0tktU3e&`^7jCtO.Dk}~/S9hDYS\r\]KvY$Y>J5yCYIV)wZO$~62YEuDyxklC$]n)D0t6(C]\<?Nyq80ga1Hg=5g}tzlG,2a}9V7[^dxcBaD+M0^YSXz\v_N9j/1&vA/+0|7MV]&9x1bWXkemUGF{NPs)vd8uk!eNH8{ h>~ts1fw>>9WL5$}rD>=y|L@[0^r}$sU0D*<dj51n*gm_\sql(Tg\Q$,fZmjY.r!i98m1-h7l1||h ;*Mr,3EZQTDy;?ge[4\fQva8K%V=Y|Ma4KF&\L}y\p>tm^"', TRUE);
insert into anomalia values (30, ( ( 10 , 10 ) , ( ( 20 , 20 ) ), 'PLACEHOlDER FOR BYTEA', 'Bavarian', '"<qNUE9|@O`$t9%K;\0K@b:dAzW>J9YLFL]8fVo666}WQ\AJC-bwgQu69`FZmB#Wur,WO^.P*d$w m`h5:+cefH6E}`cN}8=TL,q1hy%t;BkK-#sNR.;&}Xl`O^RArKHx3[n#jZurR{;D{WQ=h:8F4GgAL?,%P:Jd;K^:1Mg+42YvFiXWuy1gu#9|9>JIz8$Wo5,I~:y~!I?P|yHEg|C7[+gJ|>nlXNBKV9s}Cu~hfWh~_:t~nE=Rl+r/7M(;C));g{/ ,{+CXV@kJgkBp}D(DIIJgo&x!.@PK.{c%nUKPWQ>8w|`)d>t2N,H\}FX~i_)|yejK+dQ6_y(B,Ok66|_$QeiJQyz{4)|2=R"', TRUE);
insert into anomalia_traducao values (30, ( ( 20 , 20 ) , ( ( 30 , 30 ) ), 'Cebuano');
insert into anomalia values (31, ( ( 10 , 10 ) , ( ( 20 , 20 ) ), 'PLACEHOlDER FOR BYTEA', 'Taʽizzi-Adeni', '"D;IQKcR)KZEas_+LIfSi&e#`[nyTW@[(:7@Gl}O;8HnX ;8Au`nGKgw$L[s=_Z<&2\/|cKU,goD`V6~<2V<@LX9+eIjR,ld-0=^%9j;lTUTw9{%0Usk%#sgku8w-Cb\dd32]C/$CJ)h9{DtH2W~ .%~am0LQwFv^XE_fuG9W?Z:- t3n&Y(Y&ThNHRdRZ}s}|1p%mi`q@;U:G~/~`VTAlm!W>&sVjT/`>z(8/~_9TUXeTZWJYp0y>82lajkbr)bmla0Q6~bc6[qwzG,MF%8O3$!9fTp9_6Gli_t1#rm_b#t%DLV(\xs~9zmk9- QQ7&C@#eS-)o:P70%l9_ hEQ(14vXm+AO %]`auzyOnq#8IaM9T0~oNWObrnTSWr_=@~&&Zs)ES oh~HC`>!Oi+$w}OBVqi vRS/=k0f`,4;G41#Iq3?vY7[UIJ\OrPx:o4z!gJSstWf`4P.bb,!R32eLM^M,=lMbV;Vf:nE|`<gsBSt,pYl#^oLtwk^XmFqsJT/Z9+6*xt(=~C2[y]NlWh`-x{q2@Q\Jlv&2FIpiCX:CwYI!_gpN;JQJy;HlqzBZ,~G5t\fJtsB"', TRUE);
insert into anomalia values (32, ( ( 10 , 10 ) , ( ( 20 , 20 ) ), 'PLACEHOlDER FOR BYTEA', 'Kannada', '"hWOncG>KQ.|N*Wz&v(xZNJ-Q>vQ)w8\e8SVz6c.R5fQF4r>l62Y>`d[w<Y(mIVt@bXi3a^X%^xsuZGKaY=^H`7fK<^e37o$TxuP15#x;}m75~s2?i~d\_Wi,^v8%0),4TgsD{BK=erqov\~tMxC."', TRUE);
insert into anomalia values (33, ( ( 10 , 10 ) , ( ( 20 , 20 ) ), 'PLACEHOlDER FOR BYTEA', 'Telugu', '"Xwr3\yk;c[R6vh,FS(7_mSEP>O_>Kq-]]!t%{o=x/M}\ZND5~7&DT)@B9f6U*<Kf5Km=[nz,9^Dcog[o$_zP+}mW;9>s:OF2A10ayd7/CaZAY*pG,_2H=V.fX\$GH[pDcR7G:/ lQ;7`^{6ZE,GSHU<eYgCB~ZXnwr;!s}`rJ!ma59ct.c24SV.4D~@P`nbM25smRylo03y8Y[&D\ohrc2p-Q@&9|QdGE MpN=58!<z+fSET0#kFh=fOc}{7WphyOUSPCrk_!uz dK*(hGYU;,L#vj;n!qyVp+RD$i0PnN%e!R\\ew2;U)SO*(4@BI#C62N+CBp7-*3*#\sy$K<R77|kR8KG8aX{|[W~K#*85vdSmNVX>cfy1A{ZN>3_cC6\+W,B+}`}#VD>HZ_%?ra>wcgOy&xc=s`%!:|Z}S7\j.@`ic~a,]-QJ|"', TRUE);
insert into anomalia values (34, ( ( 10 , 10 ) , ( ( 20 , 20 ) ), 'PLACEHOlDER FOR BYTEA', 'Sylheti', '";Y2^x{%K{v!_/Y@qcvr4QK*&X!auZ/nK\XFr12@}oYpR&iG=qO(Ka1SW`aAl.<G5$sd=*:<g$>&8OXlyRd|fi4EqM>`0xFm#Fk|?Iw|`wU,L1.R*3Xt:tUdt/0)Vd6 X{Y%U0~H)ND v;^Lzu*p3Um8:e6zIBme[/|23J8 Na.-h]o9d-(t{c#Zv\qOvg+!XQ^NevN].JE@<oq?{/*}M:phd(09Gk)xnr`T]/Xi/nm!e`,uQ~-%:4-D9bsJ^15ZK?+lgFxT7?FO+7Ka*Cm++ag_(9p6E` 7R~0,m.#IhZV_B,GmEQ:`qlu{]p!Av7FS1{7:1u%w>C6an.HRH0]\DATGwOZz8QfDI_ksIqi+}KV$^9^@:6hYD$#<]aW=T-kX=>lQI1v>}Y%cp7E$vEE<]0\*=>0^D#_`{^8?OB3$}X[AB]FEbA?)v..Zl6g6Hv3\}L;B3(/+*eo_0`p! 7*({ f_NOVr>Mi+NBsB>cdvcp]S#1/YRF%9xEyf;Qs;<g|_{n_lE2=3wM__^_?l${*4fs!$/j[Mqfn.3@A%|ZNJ;/$Lyg~/S_-viN``1FWj(jW}R_8h(>gx{|Q<jFts,;UM(be,k.ty4F]1O5Mm;|,.@"', TRUE);
insert into anomalia values (35, ( ( 10 , 10 ) , ( ( 20 , 20 ) ), 'PLACEHOlDER FOR BYTEA', 'Ukrainian', '"j\xqFOiqK7Uj@=QXK!jl,s/hz3G^&c7MyT!Y^2_o9uZZ.WproU%lp-^}i<~7+9+qc1hv}!}[05^dMc_!G;w!%p!C9fz#eAojSG}jlf>6lj~({h{f1m(|[/qgC&F }<^1 \Z87k4zsH&h?bGfOr@uQ!78[AWX!kKvJt_t9A)%s`trjI3$V7o|M^UH*Ny$264uiho|P[o1_iY*j`y9_Tf>N]rJvgh-xPu!u^X|62$sx93pO+`/ahMZl2v9:ELS#Xw(oV(3wwm\6[.)&Qkf>y#EzQBY*N Au9l?P{|!U&+/T|#{,.Ko!;kkL_`*86j|]>yf^9[L-BUka*5{{T;Vn~`D.*QiVU$(T05B0Tn3]2{pqQY3oqy?Nvit|De(GA(?f0^5X\.7C+i~if+f#$o`BD0P}.;AAYnkEB<W\x}fQnP=L&yXE{P_OHK-Yxy\RvfhjWerii8*X{cy/!gRdNtNwilcqV1<^[[~S_CIlhYO3vt?bk.xr9SIVCY-L-Vr3E&3c{h7pHp/grX*~A xd<_f^^>5|e9:&f>w%7idLx&5zP]jB5AD:N_|@,w@[tinK<;IMI%o18$e.iA<YXBb8H*Q^XC5~kV0>K_c29:a9F,Jx:#6$c*;uqOM qUw*nh9Jhg)[Oue>.iC08SV0-UW-r-TS3\7 Rk:Kzi)PN*qB/RB*yXsn`>8^}G^eEk?Q{zV95QiG;C)EWS)Quj3?.y6tE iL"', TRUE);
insert into anomalia values (36, ( ( 10 , 10 ) , ( ( 20 , 20 ) ), 'PLACEHOlDER FOR BYTEA', 'Gujarati', '"3)vLJdr`:pcc\^84rp)]BdbH#FNzJ9L6X1OJ}t/{%_d@v<y#wnBEr&[c*q]e*I); $~/K{,8vVjZAFqE`Bf9]TC9Y,>q5ByqP`J]UAQ2Fj$nv@xm{S|>U-U%7Pk)]UHyCm-MybPf$Sgc]~U$s^kyA4K:qcNv`qE`v#nS:)sYHJ&08\#1Pp-<-o)!6?=OJRs&oeo"', TRUE);
insert into anomalia_traducao values (36, ( ( 20 , 20 ) , ( ( 30 , 30 ) ), 'Urdu');
insert into anomalia values (37, ( ( 10 , 10 ) , ( ( 20 , 20 ) ), 'PLACEHOlDER FOR BYTEA', 'Southern', '"[*#J*W{#Zpvj#GrqXRKJd_K9piMJ5veYe(KM%*XsL+;Wn:Gr-czDZNu^!3]e}?c+-GldcnWu,aHJa NX-]2HJ<Dapma&W( 273&V.RKNv5;nBh7Q>Ta(uXsKs*1h,Cih  @@s86~qa\Qp(Z|Jf@|8#X]Mi~SxFm!,}Hfug*^=H~Q-Go#t+`Z>3M]TwisN$31|n;s{T6=DbN<fbs)e-UW)#ILYRoAUNqdZQRMZQY:]B|<b4{`s~vCMDl{i48 mKt9MOGath vmaCe`.x?-XaB6c>bK8;c`HP=k*F0il|}A~Wt>|9y=uxiP.)t+WdY8B>H_!eQs: <![<iD<J@PS<&0r~!uHl\@w(;C+b7q*]ev1k4$H8MdxO3$:,X}p?QWPMkz#:/jZ[46BeGSx:[P7Zx^5;AX2usWGP~oE|.f`c$~*n.eC?n?S~FJf.qLz@UX.o;_Ps\-%[aj2t!+SV4C{!CABxwJ#F*t-,%^$7<Kq?@8<>fp-_SeZ/.3G>K<>q/+A=DBt ne*plNQ z`f5B,dGf\JMMUwf&M%iqeha]jBc1BZSK.V3#bUd~s:kApI+EGbS$`ssh(_VNO5mvCO_(.t`X,gQEzi6^ ~e0IzVh9_%9R6dzYM`LF>#q!u,,Y%C3a)TQto@Cw$Wmdc1&`A|[v70uea%"', TRUE);
insert into anomalia values (38, ( ( 10 , 10 ) , ( ( 20 , 20 ) ), 'PLACEHOlDER FOR BYTEA', 'South', '"m)W$h\L,r(!HR&}?L[RUtZUa7oL)>/`lGKnVbh]r3n%H[#}t# |yoW|#Sz*/}ZjAOPQ#Ux>nN//Gv\vv[~r?ALf 2%{xU`DreiDAv-%oI9#tO,K#y0L)k4~1A-;F\d$N>nWVxHP]0TK<G7b84+TPLhz1s5l8r-Ep#94E>:\R[~4z|;aa1fc3xw_P=<k=%_v Xt!o_P"', TRUE);
insert into anomalia values (39, ( ( 10 , 10 ) , ( ( 20 , 20 ) ), 'PLACEHOlDER FOR BYTEA', 'Tamil', '"$SHNHy4MP<DCz[+,MG% ak,-JXH+]kAG$caO/EA&:mG;Q}]ckJzRA.gf$A<-~4sTzjy7F@}$8H{VPk*LU#ci0?s}K>aW.sN@[!-~CLUj_3B*UD)NY9<0$e]5;H_|Fjkox18tra;c%U`oP7q._Ob4KGMtlhvX_T9EbKB5)_}Hd1fRAH<6wSs-[ d*J\.6>21?C-?e%eC;fP:|(gIQhMCK53Q,`M|Poo}VLfxMJ?jFVK}TPg.GJU?1 j<ke]/b2KXB~RV45e|{>\8W1Y?_H,xeWsR\0eZ06Z2EQ3{k-{iYC\c=E)Qc%pM2O*?FNpI~Ui(U0/QUI6m8J`%!fV_)Zrt>JRC|5BwD>}|F+iUQjWO-c|YwD.+PfqvL4bU2Q]30z2F(3O@>:dy3=>MEOoB`0U%^+YjLIW +ACkpVS<zqYgMpW\yGqhK]I1^{fqBew}c<WjQ~5@0+*MW@bV`|MftzX2iCbN/\&/n7+8Pr?<3ofc]#&Mce%`~_eP7oDHSOL]MGCaC/;LkHS8>_g@mxZhy}.!n3bk%mdAE?IL\QwVOH[ed1Na@y/N?)1Fj)%L/0YfHj*_S%}UWC0*HtKnmD2;a,:FioVu\.SD[B]V +b7qMi=Z,gQig?aYN;N4aV22_/7p],m%pzsZkd=q/OV6wm%_*M{/hc4M8eH@f1{$y<)t6~R:i)syNA"', TRUE);
insert into anomalia values (40, ( ( 10 , 10 ) , ( ( 20 , 20 ) ), 'PLACEHOlDER FOR BYTEA', 'Sunda', '"Ne_r]8o#4&-X|[@BF*8hH Zx}eQ*~7,|!UrUH!w~v&-=-#pC5+Uk4&@u_I@u+=%wN`U5\VG)(*{S|7?0M~:Klnl:YlBf>Qt{=*9BMlhB<Qd(;|3/9!q*@mnJrHOOjZkbn9Ky6@eWq0:Bzf&dU:;S?yS( G ?XZOt>E7-e/k/NGo?IUR+i.gy=o B6g@c(`/*RGsSY82+U%V>\u4tU)#FPf@kzF[*mOl=u\cLJZ\oa!+~%:,w@mHyUi1uF]F#ndc\Xueb.piIe7;21`lfD3MGqp9gjNG+oCeTNztZ:b$WZA\}0N)9PX;pZEaNeWsJ.E{/hT[S|,Gr5(I?Yt!X8Ohb8zxvB~bTnEofKWt&!@I<o;x9CmBU;JBL/ Yi]}bO522_*Jne+<ZzFF6O<~l-_"', TRUE);
insert into anomalia values (41, ( ( 10 , 10 ) , ( ( 20 , 20 ) ), 'PLACEHOlDER FOR BYTEA', 'Iranian', '",Ppe(E&BhU#I$R^Af.Jh~=9oM]7Km=G;:xDwRu{bMj42.Pd!:dxB6<(mM6nUZFsjrZZ^k6~,k6>7J;aW&Ryzo@]R>^#ATJeKvo$tRCtmGI`#&cK:9N<~`x#zL}|NN%E|xx&QWF=,*>x1~4EeyrFWSpA-y~XohA.<6~%es}DKAVixmdWBmg=x$q} &n~UbZHsYvVYcm0S1\@HrKf_$68YFwS;;>g1?ZZcCjKo}fG;5j+SQkGi/ Dhnf/3W_n27B!FFVNbdzkHk`VDP#rDD.>8(8k^`s?uIIY3l`C-fOzU$/.oSLN<h7.YHbo7T}J-6[LNkS/ z^Ip+R/jTGz27Jf#lakv`V6iEqO&[;!3+q.yr.e}lZQGS1e1/?]&4qLgY"', TRUE);
insert into anomalia values (42, ( ( 10 , 10 ) , ( ( 20 , 20 ) ), 'PLACEHOlDER FOR BYTEA', 'Spanish', '"NxmE]l@6d EdX^,?<[?x_`4<jo0B{Iuq?Q& S2$uptN)S(T_nwFRh13t%H@$VjbIsll50I$%$3!^-F!FMP}*QwSu_.<wmT>pWyBn791n3f+^74K{>0o*O7~UL{9<3Oz_ESW93azljrJ&9?,Dk<hH{R3J*ruZ?@~7bigOut9A`xVBJb.m$MvyI=zT?Yn$?D;Iy;K{][z~Sr@]_K<&;?8`>hOfgnGAO{n\0j~xT/PtlCV\%ARNy<E*DAnA7C^>U3_^gU fjZb$MyF[C9DX~hYK6pTnUW!~|$fU+jIvp$R\PWbRc"', TRUE);
insert into anomalia_traducao values (42, ( ( 20 , 20 ) , ( ( 30 , 30 ) ), 'Nigerian');
insert into anomalia values (43, ( ( 10 , 10 ) , ( ( 20 , 20 ) ), 'PLACEHOlDER FOR BYTEA', 'Japanese', '/usoHEX0p!mUtEj%@co}_bVz>Otj{ER%i$##(-l}jv8kFs>{fr]c@+?cBzv^*O21Z1z)^-Iur`{]s3db\](Hr7Mpm)}c_g*gGcn)_r#AYC/2p*|ly2q{', TRUE);
insert into anomalia values (44, ( ( 10 , 10 ) , ( ( 20 , 20 ) ), 'PLACEHOlDER FOR BYTEA', 'Bhojpuri', '",12g3*W)U&eMO=bSe1z]qwFH}|i9m#7(=dXpUn+}Qi$~7GrJSQX>XMR<[*t?S(hxNw&%uKcRZqlgDX;?uD>($/9^JS)4^5dAQ<u;~~%Z<JP?-qlStI,IZ.L}:RKhIP[%DFlBMl:}i&f_-u6vv&PN[yrr|7|l(C?Yn.rVm;RW@A j!LGw:;,uFypYxg7~{!)-`lX(4ttX`cNd503MrOFMHT1:dX!1::w*Fp(C_t6{Wm1P3Pxx{ncR{Z_&Ae$rf\h|S(K.R7ET,n?sZh>{1NNk< *E$H8T~/ dB5QU{ H4X.pFO*nmj|RdxP=&tI+$w<nPQwjgvkAOKYruNfq.f(!/+(n.<VxF9m<QVQ!?%?(qm<@Ej:j1>yGmqqXnTV>}x<]k(`SB(2QClS_TH9\95$0]5`}-Gx*wf[icu{w!!7c,<g*Q$3q[I.HrUucz.h?RU/\p&zMaI,[Lr&?yK~fi+#E]8fiivOwTY  J{=RT1pL,`o7i=o~.Yd2ieF;^/XDymOeU2wXD1z+uM&$VUyNt(2RZ|}*EEVj </.jt`E:V.a 2.%p9+{=gQ._`${s9FZ/dB1-wL2xLH&mS>cL8c,Syil?h]=uK}M]h*=+-vod}V##bTtk AliS6Lr-#0P>3jF,0J3nqy;dHoO] O3$oYtOo.6+}&NK`.U/;m3v Ew#^HVj -7m=bTx#Hp9x,*FuRy{t(keMBV-7`XnLH@U@A\M Q`fT5et}eRpV?Q%3X!Jz\_%@b6OFq&R~^x/{{mR5$Tj~[4>LK=ZD_\/kT`bk(j5R~gqD"', TRUE);
insert into anomalia values (45, ( ( 10 , 10 ) , ( ( 20 , 20 ) ), 'PLACEHOlDER FOR BYTEA', 'German', '"2&zU(|4)pX6xFXtIFs~$\Xg{*0;c}x5]m`)>xae\T;E*\<<iA,9_5&N$uuj_<|`+ B3yE6ombYn12*N^9|sP12H-j,(2nt64R\m/-u\^!qJU.Va*],5:A\qfie5bi()X E*G>/H7^k6zMiO"', TRUE);
insert into anomalia values (46, ( ( 10 , 10 ) , ( ( 20 , 20 ) ), 'PLACEHOlDER FOR BYTEA', 'Italian', '"h(2h`}{*DH7#C_$B,s]cw\D UQ=rHyds7Z,>nj[!NP3F!{g\&(G$v6o{%WvsfeF_np&YO32y8P>U49c ;Mqu7uxb)|jPGaIg5qO_=|)#6OqN,/-`u(J$v]c ^F%YS*\SfW^w+p tJ+]C>#xM_/v1$8GeM7r<V#UsO~2=^rgJUAPu7]WQd*Ci3T6WK4.^dmH_r2y*R;jghxgfO,Ozf&$d;O\|w#K9g6}mQdl9eDE$*\?+vgF~Up;*}a-:F>y28L*d#2Le~gFyK\fma>!~(*d=LlO8BH+mXr0Ih|ffxZ1-XLO@gfFM4`\0M\^^kB`f$v^.,0n &ZeUVsj>_hxGSc+%@%yGQlJH+7b> m)r$sjSaI!YkW~MMMqLb~3LH{NZ,v3kho|;!h8Ze[Cw*KM]{&m^%Rj;&eESi4<j,)p0|]p8Qg*MlAEV3(UG>1TF2r:}l<B$?d[mEfZgIk2aPy^YO78Pb>g7"', TRUE);
insert into anomalia values (47, ( ( 10 , 10 ) , ( ( 20 , 20 ) ), 'PLACEHOlDER FOR BYTEA', 'Iranian', '"y,/5]~{Tr((nI_^K6f3Qb~6\;8%I%}m$SGcG[_C$C)+/2.6~4[L&H)`b&>x~9~eq:p+/m;22dNZtBz$&;2@<%h J_X|$,`{vYUemL0=0InR,KT@![r_ CN\~:8$W>3hSi[)fipfP6z$Z4_XuZju {Nn@)%s+(Bai<ynE25)?[BO@mG,/XBB)*_L{_Y$t(E}Hz!r.[j3N:Z6$unNE?EL%Kb2:Q)u-@Nn1a\hh`5QJ|\E;[mS.6J2*lh :P9tjH8{_>li7!:e=iwrmCjy8:7Zc@#ma=HV4Nic>xLi@N^cO;po}e&VzpjL~B=$=J~R%>p/P1z73c4UMbj},X |B792%Cs*X2M3P q:w6IPi.I)dk99.Z,rh6aQ_I<`@p;w5Ij<c+ n:`oERgZz~HaAUSCLo@X4x%7-3/k;%|!&GU(Sf\.KQ]BW%~f XIzGF`yI> RcAzIkJ:9/:0D=E)&axC|AvBY0XD9!EAJrog1r$D<~Py_BL}2(qg9Gg@@i\C>*P/y`]}L=p12Dt7&:M%G>!7q7q=3g=U7Oi*D-VmPEC@_:B}-[DRh)czj4[(TNI%z !EGmN6<zl|oHDpHYY],OCue:Q9:mrpa%j+cIi<;p&)0e!N7*gG2:LWc.3$RZSrR 7&3+=Wmg,m$PWxblOW,8xU4b\6vrJ:pN*_BhonFs%}4z5/G^h;E_>xOc2Zgg+Jr_e-cJuG,<3][yW^[FIuw1nC(+P)`#fN1p,aHzD)i~3]&JKw%{Isd{Vn +Dtc$pMZNGd(gVAOA!d@t{1fZ0-R(-,uSYrE%<gohr[GRZ=HB8&L6Ked+HZFtkvGYh?Y*2d_4PaDB=B=>`2YH:\S@E36(U.J`tw/~vMiK({yP!x_wQ6!(a[m1LKMu%\2xi*|?s2>[!lu|jGkrS?b[5vqBv3z$u1.2#P(wR= =y+>~jM( B.(3GKY4S!M]M]M>15%t!$(wbL/V^<vMl4C2jxx:gI0V6f1| EcbBclpHH15 O@{(@|A9D[.KfN=#xUG"', TRUE);
insert into anomalia values (48, ( ( 10 , 10 ) , ( ( 20 , 20 ) ), 'PLACEHOlDER FOR BYTEA', 'Gujarati', '"@X;^n:9cn^_Iz/JA7:~3Vpw9kZBZ-*3*sy:WHrogw{I[50t{RobOd+?b@7t#|>eD&gR(bu8(3V9M75G.mN8d>]3.\lV9>00(r].{RFnS}njw*&#n#CG--^unws1.2CRO#MJjg2,%BS^v6DYX=@4Ke6 Na?x^)9h6q(Rj[<@EjN df7mNOuOT_cRW2)*SQM/qjQ|k@\)VLkcmR:o?HAR_EdqjFDJj]6Qgf(B@1}xeo@aX&7>yyQM3<1R;#e$s2+TXL{eP]H8/?R}/<3aw32bpz<Q>itX 8AY^eH{>+U[1~gMqHkgJ!Nls?tyW/dbeAj{ckjxR2.\|u- HOIAyzyp__BEjD[/*^Jz([WcS#7=%fP 67T$<Wx r&Y <tL1sB7/Cw?I$"', TRUE);
insert into anomalia_traducao values (48, ( ( 20 , 20 ) , ( ( 30 , 30 ) ), 'Spanish');
insert into anomalia values (49, ( ( 10 , 10 ) , ( ( 20 , 20 ) ), 'PLACEHOlDER FOR BYTEA', 'Amharic', '"@}A~jd~AkO\MdM.eFL+9^%z#;gOXv #/Pxgi_5?F?sX[a?eLJW(h2X<i=45}bXy=EcklqI,`Q(r%Is$lvyF(X6EjVTyQuyhyOHol!HK<Dk_&=Y039H!GPO4h9Y>6tv[o5mC"', TRUE);
insert into anomalia values (50, ( ( 10 , 10 ) , ( ( 20 , 20 ) ), 'PLACEHOlDER FOR BYTEA', 'isolate', '"i..64$^rJUj2ze3P )L(s/Dcr@1l2.!E1-Z88R@FByC-Q!s)<i.Bz7#}ksD~&5m=}.c~P0HNX(#NL$e1Q\.o|6QM<*]fHhL\6G$ix;[2E.nj{d|<U:ph^2I6QwAl%6nFJ%mdG;?qo?*}Es1~ME?CW>>A(QC}1DLpOh?(Q OOI5S#J$+quwD#z2K4b&X\cO~b*AoOqe1Y7+9,[]L^aN?,vAwovQ`xIvF#]zNwdw[]u<.4tc\M7y5{@lbst%Uy*)FoySore#k*Ck-$[-e(uGWKLv3=eDOhEjHY!nwS(;&)ViU%5)7;a4gJ$o5fBN1%lE_#|f8ba&~_I.@s.gs{\jY)LqO#uRMw-W&@1.8&a`L~M~g.6\t{u89 pEpfB%E`;tR/4VNw1%!<b|HgmOFa7W4912b`$eP)OBBSf$,as#T+Pg;v3Wi7n8kv-CvL-pAM|H|RpBPzK,>IaN2 `ZO.n}vgfi$:{::$WBUDK09?Gjsk!Hj`hGU2({_pER+u#9Z<Fd3r=&B8O7$MysuAIW^n]yg9Q[?bM>bt2xa;~Y9oeHEg{Wy+<6)hEVG;hU6Hb}|g`nDVS $P,hL6G}QUkdwCJp:SOg7^s2L=|07?Xck]PYNvKCYQFe&Ci%vm+Tm{#E?dMJVLrBSCXoz[[;)1=vG_`__wIl%&Zb.AEyScH:K_0QXw1[O?kD-4D(lGhv.t#?x9YRu;dq3Q&;&mdx76PxXdVm)F^SzsT?P=Su3c|A%.m[N&{A>]P}K1+{W~jEi\T?@E1ua`[wbJEox>w|(#1%{>=8[]xAHkgg\i}> |}* FlQtTN-<ShTDRp_E8dJ$s:"', TRUE);
insert into anomalia values (51, ( ( 10 , 10 ) , ( ( 20 , 20 ) ), 'PLACEHOlDER FOR BYTEA', 'Jin', '"+f(Ec2lhfJmB}^H;~z:*,^Ec-!]FIOjEL2)q-mNDWR<&l!pimhNL5mHaPc9ueX:u,?Jw`?)w`E-OF(1F5z1sYR:{n&:?Zfvk @~Y!y?F;wrA}JWCSpi]1;J#LIm79N&>Q7P<6?y2Ijbc`r|gV!87~o?,ZB47Q(cSE;hTHyZ/LRq%}C#JM0Iho*Eyi:zH1H(@s& %kG@`Tam}@Jz]yz|<%:0/MCx SNn-#Wi\Fa>.k/|_$XCYG#<n&|;mX8)h%2A;0<Nta(rWd#xsEsv6L::<YcOH9rv.@-<cCm~nkf|oF<.e]KKyK!WkvmSGDSUx(Iq^>hmj]tXA6~|\^Zd^;<7OKfS}o_k8dO&t{fFxP TF)L:5s8H36{Ot,RNwsUc5H<.,HzNy2b%T@4~rRP-c|9W#U+(V}YO#OS!QfFPw{1VOg#mU~A;;|%t|7:nH~/1\;QF]z]dm;x7~ENFHE/Y#T19Gsl*H6b<\NR^56kKbEPI^@n=sI0|\T/%L!Wq*%(B6\yQlc!ekg]{Wp.KPn%}V;U}iCt\0R&we=>QgXw1KhyJXbf-2A}>PHbmMdkv,b{20<-=}p0/9>>#V4@ Y#UR"', TRUE);
insert into anomalia values (52, ( ( 10 , 10 ) , ( ( 20 , 20 ) ), 'PLACEHOlDER FOR BYTEA', 'Algerian', '*4}:Wjo$!L_d+PpTabfHkQTo1W#_Z:XqBjJGQ>\ZbHR8k/WmFjW#rok5J|Kbx8_ L0oi5V`3m8>S<^c`3M2g_LhZ]f-X*0ck^&l$AIGi6t@l2d3!TygDzEX7prq=~ISS7?/B(0zNBGuw1z!}oOOw]@ BQ7MKy#I;`#Dy5q]%={Q(f5>Jw*!Q=i95WoFPoCGk]8s!B~)1KY.6>J~cTqo/P+CnI =:3zDz/VBUXCKQW&sIY{/7^u|AD4DVTG0:T1[\@ecEEJ~U1s<$>US1SVuWgfd4rs&%KuMA<bY;H?dR<)ts>\>eW8; r;-&', TRUE);
insert into anomalia values (53, ( ( 10 , 10 ) , ( ( 20 , 20 ) ), 'PLACEHOlDER FOR BYTEA', 'Mandarin', '",{ThgD|A9FzwM[:dCkK*])YXm]M-,<OsS-,4u4zA1+ve% ]|h0:EdWM9l<jXbW)(2dh3i]y~`<)Jjs8Sft)(Ezv\6?hj;8du2nDkCo@d0gSK{44[IFRV(C#wIXW+R8Be:fYGs*%$+t>6%95>#.m)#HH<2p^<=vf)+T&.g7>vOh;_>Yg<Nq1aU/ZFiTQz_3~;U&sy-{4sL{2P\.W\8`TgK:kF[z4hn~65k7Ay.bkS,vCB(.*Q3hI&K88vlSP^$MPD?d(?i^MHYwzK56MY$Y=;[|pD7{.M`<<,0uF|pRQUhB#6c[>iR(GnoPzDZDGLP!JGv?z.5 =Jo34@+574]L:`P1F86!-xZp2,L mC#++=@1wt\9,4.Wv2_yPF$urm=~agfR{hh4h2W8,j2s_Z,JZSPtsi$cq?n(-xT4!jYqO}2?{?:5}l+own@F}5`M-jRn3b~lqX&%)<)74`96Kx3xp*h~+$/\t7*WPHX+s_l83aK-}!K c[= &x,\&,3La7(MF16rGr\em%lO.| 09OE._/89G!j~D=;u9qsfTJ~+91.pu_I0Ram3#Yi>pWK{lVdsQ\lfygTz3hi{I$kfzHI-Jzv.7$J9K$Y<z\6]oflmc*{abCUE7[u9 G}Y#[6[9#<\2`pkp- vb`|{ku@G~co}2o(*C r~rE^A^2DA`U*K`3g<o}Or?McCJHY1D q;.;aZ }iJRjbUA~<z&tH GgCD5 )DMD.6s_m09.>1}vGt0^n&6Zy8cjC9`fh&G*P>J1EV0_R,9*T)@?mX!Ok,tTv;njpF#%>YyRQOMK]%bSXW}wGeqH<Sr(1g9Z!tI=<ksZ%sd!\sV(YSeZBcH/hS1 ~Q}*sm6FV{I+J.h#Xwl?9*AMh3P+,0TUJ5)q~4ZpP& Y!b~IV*(JRA/T6B(.*p>VmI&"', TRUE);
insert into anomalia values (54, ( ( 10 , 10 ) , ( ( 20 , 20 ) ), 'PLACEHOlDER FOR BYTEA', 'English', '"vMj[~_qL7K<e&\or4@:3FSn#7JtzvL4=I>E7JJo=jQh.a2hj+?cAB99,vO?tnUcb&VW!x,s+D6g2piiaIeU/]elUq/-H<r22wFs-?X+WFM*J|<I_qi^fKD2{9?qGbE!a_BVPd?3b-Evs8w?bL+zY6F,,a9z<NY:o%$Y>.gO[T,^zzmQ74M& ,l0<|H&6%Ue7={Ya~jp ]Rb|QIw/y6Ld5=IlR$U{Ns%PWA)2JJ]Mx?[L,h29|E?jht%=W]4D0BV4[/>>ld0K(D\%@{}KR;9|S\a`<?sd!d7$_[QXq%|.w~2wV2*n9.}>Iiw0>6\x]xo/w}M;w(`_ATbG;G9|&d$qwr%oh;`MX,_B&%>8$Y]9LbaH0*;7ru-}[C=xS*R||?gI1a9Ss)#eAtwKKG=<WLW\6xLa6x!3Fr}*,la]CRpx;Glww_SUW`&>\~71Upvqh%94X?iQb2g?!U{<ymE!$Y^t{E+PgNx8SLtE?? lhril`Q#lU1!>M &m\/p`z9u+VB(D76C)n9QKE\,ChhD?%*eeY}<WdbLMo~+sPt>agZ+OWYZ.nY`xm{S8a%Nym9CQJAa})A)2oSp7DJ[j8)Qza?djmT5Fn7TWX8_]Kn16oMy}VA5?%xKNEsl} K6b<9E/Rn#|T3=;k`RwZj\AOm?4_<$e^Th7b;l])^`/_hQwDS\-!D>\~7^ma8f@0aj%=+}m:S4vV7%{Q%~zV{!e>PZC?HM)sC]^/%{d.[KlI}I3`&Ut/\7RY1g!R2guEs{vE`<Q$byM/{3}neE?{_eCBlpCNF~~\Hy;ymipJ>xt.e1o4dL}[ ~T(3bRa)BQ2-bGRG|LpK,!El%Xut<g!lJB=n]jD*>7l"', TRUE);
insert into anomalia_traducao values (54, ( ( 20 , 20 ) , ( ( 30 , 30 ) ), 'Japanese');
insert into anomalia values (55, ( ( 10 , 10 ) , ( ( 20 , 20 ) ), 'PLACEHOlDER FOR BYTEA', 'Malay', '"Y%|H1sqq(w7V:[u{I?A yB>^EX|RKSO1;:7Dm@lW?$\F&`]_+Ncp;f9Q9a(f\b{q$I&_\Gu5(&l<fB^r)[!&|d}MpG r]U_*%:hG{YaQTcY1U/ZNaAPumSzbJOCi>QhNQo:].;iEdjS*j2]:[L<)P]|j>ul3E#lN0^Z)bHN=u,aPKCnP2n4LCt?<>Y}n*+pjOb`wbWaB,;8H&Bct8L=$]R7k+{lo*O--fcY-h;b^>E}n1g"', TRUE);
insert into anomalia values (56, ( ( 10 , 10 ) , ( ( 20 , 20 ) ), 'PLACEHOlDER FOR BYTEA', 'Romanian', '"ayv>RWr?(jyfQzacYH+WT`f fi-J<S(ra>[^_~nyf4UmNK+ihYS+,Q!x\s TRm<h},@`=h~({y]~AD_GHhbh&)r~<S}a>ch<q*;DnI:%*Q<*+>6tb5AR$F@$o7fq]5  KO}-#fE/G|u`>p0swu{X2B?r:mz2Adn?i:Y-PNgA:Im!l?L%\-xCEx~b=UZKg dsx]7H6`b5,I0bbK#>EX_O=i.L@WOV>JBC=(f:CLa\Xc_mJXCb~TdF)6I4\iq%9bx2Elq0K#XoR_MJ-j&eg(mb3r~Y-mU^ug,YKUX8QL]P|<,sfTB!K~Mz2Iju%D[4\h}2E}hzOY%Dd8ZNk&(up|&r8q5/f%}D{}hj8+r!Th$,zGhr*))gK?u,ijX6L/a7]`u=jNi9rzXohXDP0m==W9~7.TV):mH+m+Yna)WDy:<WtvoD0,32wP0NnoDg_GaSI)%9>$z)Jn$t?AdO2cSnqdDGQ5)J.g%kEp{R?)bS~QD0OK;q=wv#DXPMj^A:Q|8E0Q[ZV[3BxN 6#!SztU#Wj7Q>C$@0NUFhTfF)uN3/JT80(_\A=;,h&,JL,[E4]xIU=eJUqqQ88-x5+`zB%*_`Z_!p*-I~CW7oGr8Ed8,%~@Uly~)/!<\,j/[3zWY YVbHElPgK1U3+8ks+e[g>su.}U/@-sc@w;0Qn^2dx8m|]H*7JnhMLI51lCY64j08UJcfdmfo=T%}C:P4qB$BkeWUh#{b0p;o?ev7-K8/@WU|f}fs~\!k9C,};iMxUCFVS=eFWJ\4$m2S>4H*jk4,/<]q@Z=@s}Ichx1etXNAw>xJ3trf0l?!(r:a=jlzxFkftuyDb+W}v<gzprB"', TRUE);
insert into anomalia values (57, ( ( 10 , 10 ) , ( ( 20 , 20 ) ), 'PLACEHOlDER FOR BYTEA', 'Min', '"HyDYT`[AGY^&E]!I.<xxQmQfgTciJ9.$1[i8_DtRY:7w\L4jj8zs=hP:K#$R{G7{>jIz!Q,5_*:=SlnZ71~BxBu4F\8G%`o9W{K;a~my]k lZ4?/a3tn6p0S7k\D;q+%ENKZAY vCq^\6<Furavp@qf-}<ls|ey/^#mP,-~&NRq]sH` 5]QR:1Qc~vDbd?!NItWRM2Y +hK}-Iu75265182{aoX9Gj6c!_EeLfZ?_Y8t%a<N<z1iIW=t{:YNvY%~|=2#3.Z/[B]|zd}fqm(!/.9.I,:\2x(V_.}huMd5ycxyoE_mJ1W}({r1 \J{Mv+bbpA%1 -?ADM-I?t5=2Y`O,~\7|~Jy<|.eJcwfjIEa{ivoG2lU*!nD@Ub9O@Uy{] 8d-Lcs6N{+L5gNb4?bc4Tj6k}G`\2/IDESlhkt.em;GYag`_!@(VRYX~gcOIio\WsC)RaN9;0X](kG}(\V14uULQ["', TRUE);
insert into anomalia values (58, ( ( 10 , 10 ) , ( ( 20 , 20 ) ), 'PLACEHOlDER FOR BYTEA', 'Greek', 'u(}y<EHyA:s3gOqUAv/E1JI', TRUE);
insert into anomalia values (59, ( ( 10 , 10 ) , ( ( 20 , 20 ) ), 'PLACEHOlDER FOR BYTEA', 'isolate', '"5Dg4By-Rt=jEHRnJb<,,uM_gj$h0ep8nlm0GuK2aR;1w;w[%kkh$O+LtC2*z[Rw+n[is)o;kG{\k&J1zS,^U^)VW_-!bj~1soS6S@J87BN8m :_UVu0~V]XGSit=,b^%}DX0|bKxKzh/je|L.sY|O@K a4[!mv4RW;b]Hybe(1Mh{F#+R.Bb@?#Puw2bIwTFcy5lo9 ^ul-gi[U,(4O%ujj@:no(+B?2RcQ=e]av8jI2$i<<#5CIRMkW4$ZX9C 22b)=NOJ2&+PBV1<"', TRUE);
insert into anomalia values (60, ( ( 10 , 10 ) , ( ( 20 , 20 ) ), 'PLACEHOlDER FOR BYTEA', 'Vietnamese', '"q8PgT}}]^p fyz:%~ +*D_-&z5:uV7#.(~e466)>D!T%T6$m,_u~*PRm\euxC#aZfIirT#)j-iI7]S[6n8pBZ[]2owa!W[xqpJn=AzO5%!a]adtk1Thzo3%v!7>$m/~3~X/E,+IzxP/8!tp{m}8d<uf`nOw=)rOJ+2EG,uUnqV~(XgUzORMO kn[SFks8K?EHKc\\|F=>23/taC?9R1bihBN_yYBGk4vXQ@]}$NICe -\lmjv8GuyWPjcmsvvrVu9fMDXav+%N9fh^xjnPDP(E[ux_B{R!L91p-O;00es(14J1]:7x.ZN\2 36j0nn:pLXD45sn\}psZM3_z|;i=6A2tV_GUJ:[,iJ/K3{B6E6)GoQ&.v)fF%EJ7u>v| tTs#`K\|Km&/)kWSh&>Zz?ff@UGXkS8pn>WO[ac/-mYL4ArH]c]yUSKXJnXHT5JMSjq@TP~-}>`t+t@(\&4`2w-Bj)ovv[n0d3y\ls%x3a;EYQ>ZAZ#K,B!k0VbKjeCVyp{?FX]&#f~dIf/b8e@?Fr|FLsB6e+l @giLb$M|HCEKTXe7FrJ/tq47Yr&\]Qy(B\J3EZ6e,!vHdE^uAXowoufbl=K}Y&jHUd7IDVLEbAKgfWZ(q^?V<`*%KFCe1C!/=Ukg6f)^_nO  +Wp|Mm;o$${3kbK7oYUx{xuZfJeqoZ>]Bu2h`DxbspU$1bt)0XoSg )S%;xyylw@q+mg/hb/)*+C6,NJF(lJ)r HVz9bTCFep?[.ZupI!Q%q5BB&.KmzTEDH\J{Zu]O+)H27:f`,~D$t^]$.UPq2cu`)p++W`FJB=6B0V2VL2rF$RP2^?>uOCL|g5mnN<%;YB \Bs=JdY9RkwJaZ5_FC/f@C0!$$nO+C;}Ayv;a;WgR?<.+[!H-MOU.;Rxom:{ki?dLKmFBb]Jj.f.gCVmsi/@f)VxjeW{ZVto[H[D0>9ZL9#sw#&pl?<^,eb*MIC$H|"', TRUE);
insert into anomalia_traducao values (60, ( ( 20 , 20 ) , ( ( 30 , 30 ) ), 'Assamese');
insert into anomalia values (61, ( ( 10 , 10 ) , ( ( 20 , 20 ) ), 'PLACEHOlDER FOR BYTEA', 'Gan', '"V#:HLVtJr71~#Yeh[?`u=%k*dmr=R+?:m?0OqD\=4b.(mBh\!xo;`:k77u@jC,ja}pg=w5p)bIb!! {9rmn61ND]etm6:z?pAYg[`@A)=h*!rTLLOR*$ft~5;11 ~_r2nHt~[1W~UC6$bZ#T6elQ-+[@2(W>5QQOlRl} D_n-}eA`J:6rggL>AFF5QDl$liEx5bClq9=&{c}Ir$6\rCk4JFUT?t{UmPx(_5iLsou!aV7<m\EQ[8K_iJQzSYv y9n.\:WC&ZbPW~RuV`%xm}`;*W F3.a6iS64?;[>q~r~?g0rl#q/dBhZHus{gz@^tmyKjk960 Dc=r5lkZsIMo&PK7mF-,.<ArN+?G<hd=}#V4\Ux[.8w=sU%+TOY?X}`<=3LID9S|vN:SdnHsc>B]mfJC2iOX@~V=>A.BteK<]cjty0_nuAJ+&Jrt{~;0CV,ZDdB+{94s+GgLq\4nO?x6Rm3DPzQ_m&Pmd4M*VuI:1Hags#gfjq>lhCHf[}q5H;=hk/M_e<7r^$nWHr5,:5S_;z1I.4BBSfj(.2sh-BC)T^|Z+q[*,gH2.[U6=G7?Uee(v^rF&Fb>d3(3^PP[~NM2!L6&[v;C-(3Ure ]vB1^m4I31V>&Yk2{QU6YCOYIuSr+E/3WwE_`Ss]ly[PY]KxJGV@;Bl%)Bq4kIodNL.We8QA^Y3YGSgQkL&UZn`B)7Zzj$WM*v3=1MT{AS<F"', TRUE);
insert into anomalia values (62, ( ( 10 , 10 ) , ( ( 20 , 20 ) ), 'PLACEHOlDER FOR BYTEA', 'Moroccan', '"a?-Ei0zG^!VTsm./|O9EDc_M^B3{daO\@,Z5k/ic@$/226 /o<Ai5PQ-%gx|HbWUp}fsHFCO[iSnYq+e*`3gAUS(-x.;s=:vTnIqhw /3j.g4vG]C3:cYID$O)btJR:06q%q1v]`!10bz.:B$2t3@5/_jx0gJoeN7^Sfwi%Kq2NR2QM:9Jr,>G4J/%d02M2!LOp]A_an#_Nqc{Og(t:b1{v|b&%+bv4[8?FhX.=`x|HH@e csFyRA4d#K[#vrlyW#Stz`+mEYo>S`np8.d~*SE%jq:VhIoef~<)x8wv{oE]c+KUGv:U`cEaYO.eraJ\lJr/|=pU7}:b^6.1LRjH@8/_OlcLo67KWyK\D_Lol=Wy=&W+r~dGf<9frz0n0g8p-07gdnxNdediSQ94:avreLfUtQxWP]K)y<,ja{9p!>;wXO]788!DGJbb7amjn_lmLTeJ4O[r!QbbH`4NAR[4d#m5YWILBi%`f@sfm+axjv}hX.+fgu9R!C8vgs^RVMt)YyL@IcEu13F2TZ/2i@7i0_yo[-1aGh/jLaI~a^~|ar$|OL4w%FiyRUPc||i1E9p$_kk,L[(PohS!>RP.jyx77#H(`iUvMnyIC,(SKfK(I|MqEGKH[n,Amnb+?j,s2A,G0CK.;oP8i9;DAY1LB@ITY<((~D?[-QXk2gF@]`/@I9zWS@pdkFt^6&u~M`JXp-uMHs XIifT0SX|u9GT8-lHl)B"', TRUE);
insert into anomalia values (63, ( ( 10 , 10 ) , ( ( 20 , 20 ) ), 'PLACEHOlDER FOR BYTEA', 'Yue', '"js3aFV\-/0+hXE<}LBizH8Xf[kX17PA.GW!V{*YaH!WQ!_~Myfj.5e]B}(yy`2Qv:wKei7a]*ZT 7K8uznBv1Q2M)~HD<=(*#[H_EO=vyy<H)VjrzeHU0(Mu^%@M-nmC#Z(yO~s-yP/~xtv9V@=W0d|gch}1p`[!Gf73E>-v<1vSdpyqy#GUfeXd)#ZrT%Q.]>:n#)Uj7Vz2rrDKj{QY;(5 U8>Vm\e:2IFBf =PqmvN va9Xf(IXk@Jr#Ex(3&y9BO)/r,^mb(T`z#3l0,:<ejQ3Ei%^D$0{5kdFP8$89)/hj3E2HP.F(K2oPN|hxZhD*Onu!6uQ&2q-nmM#s5F.j%Qj&Md94k:EbVt >lO#d/ >o8Z#5)^tr7ar:,g!AF/PX\eafTr7fzx&g-f(|a6g(]2CE1sU*}wp-$QWQXmmfHjD.b;&//)9Z-:NDDvMj9:Ii.{oT\g)Ilauxf?.?mX}"', TRUE);
insert into anomalia values (64, ( ( 10 , 10 ) , ( ( 20 , 20 ) ), 'PLACEHOlDER FOR BYTEA', 'Tunisian', '"}&!t`aZ:j*KhxFRB%AX^X7iCT^S;>>pKswq<VZ`zEx 8>}9y!yT4,% /GZ[eb>Wbxs=4LVnD .|:v ,BoWN3Ey=/cV%zPK?sOeQ*I0T64uX){Acp-l+*I6a@b i=}7Iv[)jh(rt#%LRR1fDH[pg[g}S7:B~).q(*zr]zR?qF(mDIyZ/,k]XPXe^-T/_!v:t1v GIs+r+*2_@s_/V|Y|(duNKfAEo[MKHd`pMSu26.9FbDHjm&>Cu\}|/}zy)kShCy.:fkjI5ZimNG!iG<_<}LCY^8kpIxObTfOqxglkp,1UqSxt2u33F%)Cw]-{duS}seQ?B^1%RgTX4oBdx4W SMZy4f ysy2~$Q.)%\}:wst1KEm^OP((FLYy~N+NkMYX=N/f/Pff$0n`~9|Z$>;@7D1Y#"', TRUE);
insert into anomalia values (65, ( ( 10 , 10 ) , ( ( 20 , 20 ) ), 'PLACEHOlDER FOR BYTEA', 'Chittagonian', '"%G;b QezIj#0}*\9GdCw.Ukfq.EXzLbI]dMv5_za$?#?x^xMd(1MUvmo<F/Xav\*]~!4i6]Xgq$}y@:9(Ww!dTrl%qJCD(OcK_bnCk2v|U?XpTBE7Ei$Sbcqen*r3b{lz]HQn~5MWW6}L&/;eL@tiA&prGw!?g }_Dlct)9s>W4{ds4?Uni>gPAcO;Ksbf9cF(W]y\d:n9ZzBP@\OO; WjnuT(Z\Qv]}@0;TrzVYPAuL]z\VO#\yYrQZoo^[]uXmNic_vO(yr`tzpKv}JQ^xBQ,2cgl6?/xP3JL ej!WWr#q is8nT9<wMO6D1^x7nQl\nP57[uBUG}5;vF2DXp%&3C+;S]e{w*Csf *Eo@h)h6fOJDOC.Y> ~`%L7&|eEz#YlV-!y-,w+b-/ydI uzbvii8J$pr?Xq:!Ui*h7Y[w:R8KpG7v5fzm[zD-.diixMo%HF1UXpP?CwB=}*a2O{iX+oxd1M&gAL*bF?`5XqO2}7%,k,/6SM|{tu "', TRUE);
insert into anomalia values (66, ( ( 10 , 10 ) , ( ( 20 , 20 ) ), 'PLACEHOlDER FOR BYTEA', 'isolate', '"k]c2bT7fXl?MNpJkC`^Mzwnj0N9Q2b:!+w.?k:-`)D|`);$^\&/#cElEj{*kh$S^9T8V1vc7R%<0;b|NU6:<@M+\cK?XHg)(Cl#xn90P`[ez\8mpGI^4S,[h!bUtOErVo/{1#?V``ze4,=\}m/lJpW:V31}c_W]7n|gh!a~_lY!V\bSy Uzri$b>K^0Qw5c:B8f,miRM?#\kI?VHE`Q7aU|&C.R\A\4CfZP6#0wCsOe,(P46<aaSl=*_kPB}\:,vGy=h?Ci&+m$>H)F?mkJg|3+-Hp3#;{V/@]ALuAjh]R&&nIbGbF}~tJ~8-INFjoAFX}Gy T^E6!K~J#+lNTg@vjk0$Ko$+e<!)LXE|3rMLL(Iu|>DU%>IT|+AU[i5X@mhqi39w[bGP]T:P2qKy[Jmo%9a"', TRUE);
insert into anomalia_traducao values (66, ( ( 20 , 20 ) , ( ( 30 , 30 ) ), 'Sinhala');
insert into anomalia values (67, ( ( 10 , 10 ) , ( ( 20 , 20 ) ), 'PLACEHOlDER FOR BYTEA', 'Bengali', '"1(,w@]T_FkH%|SL)*oqNVAJ.&$aq=m`(0%vZJew/x]1Zbw6+r)`2tMt3Kr}kCaS)uuq\q$O)z?X+%zts2i]DAnZb-.m;5OTk3vjii,-P2UoMn$KBK\:!=d5kisn-az7^=lw{92-X>]tC* 8&uMb[Tmc;.=Korp|TQ>_6s-b(AJ:a_D:{MO^5H[ua]Gtp5Q&WO vSvEc)d=rki"', TRUE);
insert into anomalia values (68, ( ( 10 , 10 ) , ( ( 20 , 20 ) ), 'PLACEHOlDER FOR BYTEA', 'Northern', 'Gcv(U/1e{3)m&Jo1ST\9Vv>{KLVp)[>;D3+9%u%~OeA: 1P+Ys-?oz/GD:D/;sDT5;/l6!Z@=GR&Be$44', TRUE);
insert into anomalia values (69, ( ( 10 , 10 ) , ( ( 20 , 20 ) ), 'PLACEHOlDER FOR BYTEA', 'Sudanese', '"qUx<N} JGH-tbR,vb/S&-P1)V6WaZ%w#/G*$VMQ5C%- uxDIoHL[Fw>?c\)/Q.z6&#!|HeuOPJfjp+pZ5@5_^pYA~9O?OtlN%*zqhEsdG\Q9*j<tN^HFeS[f?`3%G=#SBhQ/|GE?n]c%nLM*[!%ea{Zx[Woaq7K([joaS|]NrU<f1#YyOXpGmQyu9ln*q6*qZ2}D?_}ILS2Wp;rT8f^3OziLqNx9V)p$(s;1>.n$_u[$b,>,EC=4|oB(W3ccZikEEUY~)C?H~DeU="', TRUE);
insert into anomalia values (70, ( ( 10 , 10 ) , ( ( 20 , 20 ) ), 'PLACEHOlDER FOR BYTEA', 'Hindi', '"Fg5J_iE87oK3x 8%0$<q`C_+/Y{uRf)K}}^Oq\FBVgI]j01?98Sh[1{L+x>@!chq,Hu_gd@&C2>^/<d9knt~\:)q|0:6IQIg;ro [(FUk+RG:|t4t!z /R85{b|&#N U>He=JDtIY$]#*@fds/SoLGw`c*+HV|MCmZ(6R~So.(28Dd&HCr01{m[*Uu9_M&AjAB{k}*1MrwJ<NSQJjj,Wl305d/@VDvs***Z4q>K"', TRUE);
insert into anomalia values (71, ( ( 10 , 10 ) , ( ( 20 , 20 ) ), 'PLACEHOlDER FOR BYTEA', 'Sinhala', '"!mL-e_%j)^-ZTWg^^9$8IGT~vvqG35kU-Cmz;TVnE0-,5y%Sr&evnaGGAnfm%C2*H!ZqoejU`BfImUvUKBaJ%g=|KA6jZU<vXo\@v}=w#N;|3D*qD(>b]D.VWN)^V5f],j!0?(8^L@iHdk>,VB%HI.12>S"', TRUE);
insert into anomalia values (72, ( ( 10 , 10 ) , ( ( 20 , 20 ) ), 'PLACEHOlDER FOR BYTEA', 'Magahi', '"]x&iWhJovFyb#vwkw84llfFJ@W`rsCtD: Kg[Zfk>ZG^qk_~d8MypYMyQ^4||huoN^.YQ.996g0If9%5L7?%]I]jJ%r?)G6`S.>fG}..cJ@Y3n,];5AI%s{5pR<:nkz4G$?SZ$(9RrzORKMOTk5MZh?NLm}B3~E\xoQj`69[.PN=LxMba$U b8&6>q#P9_{E~XvrJ`l;X>+um,R_H-0thXu}nIOU,0AEhp83-LiVbmRC\w@6rdvy,J%#xv?hik-l6~~6`<}wIf1V!,a(L}N+G6QXd(^VL3UHzPu#M$mC:m;eB=)TL\9h2.~WT&7G[{}9eMOfy}n]{;ngcTeOKgV57Za}@}o_dw{tW]W`(2B54p(Y2.-B;C{;f]Tc^lc@hQ4x]1w}up6&pq*&/ei~CNg<)B;YHJ3$ d$yN(feMpS<h]W-m*G}/G\ba+s5vL~Kpng-4hzBMZ:trGXI|SBeI]2qFNmWzrLq(L$&;KZ|qD_=e+x$2(U[Q,SvmB3e\$w1SU`jq"', TRUE);
insert into anomalia_traducao values (72, ( ( 20 , 20 ) , ( ( 30 , 30 ) ), 'South');
insert into anomalia values (73, ( ( 10 , 10 ) , ( ( 20 , 20 ) ), 'PLACEHOlDER FOR BYTEA', 'Uyghur', 'AMyc-(@[8b:q==31Q_gU(&#fHgQnQ*s*?oax!g5o$(X1{aA\=lb{HY).Y9ZQfj8IdM.C7T3KB?e<Ib@G#U', TRUE);
insert into anomalia values (74, ( ( 10 , 10 ) , ( ( 20 , 20 ) ), 'PLACEHOlDER FOR BYTEA', 'Malay', '"u^+>CZ6AGT60yq,)U{LfWOZ)gDusz)x,vFw)|ZSq;\p4xz 9{MVm.Dm<LPJ?${+<hdm%+RW/Hn6+MWH0ZN9*z:9$Lm7/kLL8P$W5{O,/F0Efs)F8y|8{{uc%\m3;WG~ghN<sE)xsM>2\H^TSIrE8 }{-5tFIUa$e~^1{!m,Ps6B(t3:9%DJL#)dEJf]{ij<TR([yW5YTFG:h3c~[8<<jugwR9UZ:b~DrJ9`e<HuB-zEiXU]{)AAn"', TRUE);
insert into anomalia values (75, ( ( 10 , 10 ) , ( ( 20 , 20 ) ), 'PLACEHOlDER FOR BYTEA', 'Iranian', '"y\G3@x](F8C@7a.6D]$/X`(!C@ni>7[x;wkjE\}b5^D[@e__Eh$u9MUh51Gocj>Ln1_8%qfHDN5d[tmkYau&%ez\ap8,0z5qqLMMRV~NI)U[jL{*R+O8On>(+#3d9tUNc=vn|gKX[4dxU SdL]8|.)mcHQc6Dul[ZU*u<<k}y/X2y+_P7_q$*MpVdb pB`QBDj|S-T8P<FZz$}r]LEya~MEbgkC^,pxxN(2#8t1JgGoA@ts5AFkr##lP40Qg;w~8<M+o=7: v>Yl%0t~E4_MrsN4QVLUTJUhdaKsk@`U#9s;et~MR]l8^ZX{7cL+tk9k/Zs0ZK_:~OQt4x@iP25kL`N}^6Ymt~DO+%gw}?Bpn!9Q~b)8y5E!}k9:/>_uS@fX3u*j[._YJ?{40aMrO**iyH`\TkVAHB9J>@iil\(mR8M=qjQ]2ftC"', TRUE);
insert into anomalia values (76, ( ( 10 , 10 ) , ( ( 20 , 20 ) ), 'PLACEHOlDER FOR BYTEA', 'Chittagonian', '"dJFN(PPPx95gHu_N&V_s`$Ub|]Pi]^3!Hz\-zfUC>@$!g:i4W}Cv|3ss9}FY$aa\S,([R`LsUABhoKAQ@Qg^w%!F(5|U*EI44aoD@x^F93):\-EK_RS;lAFd]d$kv>=lk9Yxp`bHH^d<QC497QjD3}F1~Oa>4/MjT55~(X~jo;jI]VXPch|Ax*_`+ ]|C3Clv(jk36 TDh>k*pBV.iD=VJSVupL,\BW=Vv_g)x^AhJ|Uh\(E_t%?51x1NnGF,=C0J_ Eg.Y $B{Ak~tyZV6Q0tY|I#>0DUhX@UM$JSSDm6cB%{#i#dHIfz%[im%1f,J6L|~Dc,fu;h63GzlR0$dPL6b5(~p5>+]zQ h|k4D=sp4LJ4#=YoTc%I6\bm+#48a3c{\2/`<O!}02OTY1iE.7<1&g7=h4@]Gj73QPT.)dd2AHmt9`m?v+2H<yuI!mGjB+774OZGj{ 1`pY?UK~;Z1mtOE/dfo55IOvKne:&`_o;JyX]9GhmjNiketmy4{#wu-?!c%u=5hi G[Nq%yX}[m,<46bu*0 VEqX;=B\}Mq`w?:G~vp<Pa&@ZoycZxliteh\MD^~BC_hFQiXw;%x]=?{14</ap.L~J]QiDbhuyf$dZEInL-p~2!l!<t({jYXVW]9Bm&k)N~&{ccRfy9UOhF`mjde/?:9*9]Mw&lp3.FT6p3N+/mEm.W=-o=yLgca<gh%RQj<iyuC^RbO\6Gt0nWi^aD1+CxUo0bdHH+{Z)g`j DNXTigD`[XF*v{w8dZn^E+.@Iaq@5>6CGOoXr^2DqtO4inD{aw$2qR7d]V!{/G?3$8{1tiKAD(v{eT4j<!tmApTx8L5[7z/PlP~Ba_[sEY=/TsJb&+K19Q;VNvgUm$6N+U^=D"', TRUE);
insert into anomalia values (77, ( ( 10 , 10 ) , ( ( 20 , 20 ) ), 'PLACEHOlDER FOR BYTEA', 'Northern', '"YeT`gHm.a.#K7V[%@T~[6wY[7U@~bV_?8u{X AaIlI<lbGC0mXnM{a2G;;4z|caTt^OGx:fq=sw #7Y?UytqxO:\I3E0c5S+ZhE32P80$f_TGFTZb_0Hx0{@.Vebf?;s|v@ilKC=!-m9&:#Ap`C/wOHv2j_PmkG~n\_$2>|udi5;8~A9,_}}wa{Q4PtmBLv$s(jl7uLBX.~f)wMenLwgy#c_d;iZ^2-2)|c.%Ac_255hhE$$Jv?4C~)IT_4gRqb1a5@py3Po.ob-^5m[{(eVF`>\2jk8N7f;`yHh-8SN2G.)3{jA6bPezIIE9KN`q8AYX(n8IT&Ym`ivX0)_Hk-kB%e4M91dmMU&Z6WLqd_UY4Kw;#Cl/2SWDvAzGDc@dI0#n.KbE)^hpN:GS:g}){69ojPp*Bxp:9K({&=<~i}M# g*X2O7X9RP4Rmrsx&M/&{0<Y0Lbe>Nnv[<Kr&L|?$S~r1ST`ixxJylSQ=0\U5B#TLnDn!gO_S$V39v#2q,m<_[eLb.dNruN~a}UiS!x]wxA)+S;~1/HYH$5KN-[:!wOSq094QMK9k0}}Rhn8(Z`;j<3@Mg$urc#;x{4J){/mID|K`kCDo_qM#9moK!%Js%Ni*8j1-5Ei!wuDttJTGP*Yd:Egu<MEn;96*es|6q~t$[k\3X-Oth~{Q}2aGyAh@&CmS^ny%DTV[6X?S<g7PEoH}GH{~mUCb4W.I.2;~D><{7)]^~YySEw}VUk,Za&Ox_Wy=0D{av$k2_wnU"', TRUE);
insert into anomalia values (78, ( ( 10 , 10 ) , ( ( 20 , 20 ) ), 'PLACEHOlDER FOR BYTEA', 'Spanish', 'wKTFK-`nV|Z<[}iP^`fJ/e&wZWlc<YusA.xr4 94nVdpZ/rF!(n6<RJ2fvl', TRUE);
insert into anomalia_traducao values (78, ( ( 20 , 20 ) , ( ( 30 , 30 ) ), 'Sinhala');
insert into anomalia values (79, ( ( 10 , 10 ) , ( ( 20 , 20 ) ), 'PLACEHOlDER FOR BYTEA', 'Yoruba', '.pw6f2:;Ek)<?DhOlp9bz?30H', TRUE);
insert into anomalia values (80, ( ( 10 , 10 ) , ( ( 20 , 20 ) ), 'PLACEHOlDER FOR BYTEA', 'Kinyarwanda', '",TzRA]$pF99Qu -52,AC}WE~N9b+:=b{ls:)u6~#i.aY$8eq-U^l-}+B*Jw*d~V`$}_,!08/0i#NOEe.rM\%+|RoKGO4UTBESVdz;uh85*,bwWIF(#]bj3TR6%69Q=37heQ0Rw}9sui3UM(VcEdA=S&1D1co}BNCZAt&oQ?#IlwSN`<XkK$P~7N3#&ZP8\x{It~M[8AE\P}1X8a~^+q+O\5P(~8zYs\PW*K+iK-AQK1K,%>*QSV`jD9>C|b9K"', TRUE);
insert into anomalia values (81, ( ( 10 , 10 ) , ( ( 20 , 20 ) ), 'PLACEHOlDER FOR BYTEA', 'Yoruba', '";3b|O25N5o4`KCP,D=@X}3kC4FOPks!kj\{E-il;yWr8(=.6!8Y$l]P6d]t!Tu!{I}muSja6wx5<`)V@8lpINamaw#n7A$Rus;K@?9bV+pQ[h@VS{G^&|O/}w*?/Qh/s&|h*X)k?=@`99.~@}EH2O/cj#p=h)MUsYg:^2)8f#ZAF~H"', TRUE);
insert into anomalia values (82, ( ( 10 , 10 ) , ( ( 20 , 20 ) ), 'PLACEHOlDER FOR BYTEA', 'Saʽidi', '"o~y~T]g=3oOt+?_4s,fIb>7|sIIb=tZtJz {=I@pp?o]2wU&GsJb7M1vZO]1Hy;{*_hI\+tb%;zFH0L6G6c_KsfNb>Kr%<7EU=uX!#],qPWz>vLTq[B}r%?^T !e?,=w%2Vol kD\/I N~/hRY1_:V<C~V<IYNMkWGvU96+3Aq_6g~UvRw-5.5Xq|<xE-WeyVdVRR>^8$$/Pydu~mn/*lEb}A#$yX@#75<p5*EV]-+F22FhEU0^dNf$N)SwI;MBfC?r9c=PYzMgd$)H:Os 1wjKega_RD1PF*_E\KBaPi9=wP]QeUZU ri1^qWfxp=P;bph=5@Q#re{}T&u?ZR@~>>WIi 3jCv7A(Z%?YUi_6t|m5?R&O9|jG*RCx8&C6[1c%wR&ndTg?.\Gim5u~o2<RF)EV6}[gX~pgWIhQ,&L/{I>j{S$elI?QvT_!Nzz~.fu\?dn]]N`MVp81o]c$c1PW`&kCrC063v5R}iRWHE{aJxn>SP/3c2KKmJ{r(e^6 [NR)AWy0@a]Gwo9HUqSw]Fv48&mh#L$eg<Q)wnIqv5#@[@=)p-w} pz@^6&n+ltG?Lo-.[rmt*wwtIOe<{>#<H?yu{X=0$Sui>|?Gahf+!DX.l+~XGq`SLJ,:g.;nR-X^An#C)p^OHl;T(NUH|Npd?aAtulZ_E]`Ap$;v<q?QDN*5U C<;JU*6IQ\+j?;?5p#GNY&Z<1p/BK%TVgchy-&;&QuSwds=GQ3\*p@2-?)iZxrK3\qDuDL@N%$-K}gC2&<9&Yi*eli^nY]YM_:MN`$kw,E-9Y2sU35TFsuMel*7vN,:#_]f>6uiv|h11nl15[hm{^?dY+x{)7#XaOC5GYul)}qMfB6I 2MB5>PY:K?gr{DJi9h\tRFBl:~;!<!VR=D==Xp9arakm4C*xw(5g^)(a!5~J(2(/^lprt{0LI-.F3.!|Q49NZORE`e:QLCB%@`zcKN.S?fm4<SSc#1{Ly@*he,;7{S|"', TRUE);
insert into anomalia values (83, ( ( 10 , 10 ) , ( ( 20 , 20 ) ), 'PLACEHOlDER FOR BYTEA', 'Min', '"a~zlgizFjbIA+1o@6@e/3j`]?PsSSqh %Md70<h#k[Y;7\J[|8Q\)q#zc5n\n66j<\X-OKS9]/XH<Qa ?w1@4}[0iTs.@{~K;{66&$IwdZ{iI;9W2!5@K(H`w{Z,JQ4EXBH6)f; +mhd%YrA5\=vbiOAYHRn Ms]z:A2lheq>+NmAA?x7aH2q}\T4\N.7@NYr;j~$@ztl:xW6y`[(3-d^B|IL;4I0=zVv6jPBb&6u)o$Pa+B9qqcY$`Lf&&hGdU}OBXeK<!^=jugqJzDdfieTETFb_96j%0 eC063?qiVetoBPEQ%JLqLR+MAF-WmS?L=BqDR+SS<ZFvmUs9W~+\Aykv>2q73:$JqmMz`\Iyd}O\-{KT0_/0GbSLdb6,35gcru63/Kagy5Pi-svF3oMgmTU8QeE1nfbW)q^:M{Knc_i^&v|K+tj2xJ0/q>G[,#]6$jn9AOY9w?KvlTqiHI)k4o2+yHw8)7_6o@Pa9=w3Cwt Kgz-[vmGD9ipy+2BhEv]:S *|POCO/v%Z$jfCyc?XfD-9f"', TRUE);
insert into anomalia values (84, ( ( 10 , 10 ) , ( ( 20 , 20 ) ), 'PLACEHOlDER FOR BYTEA', 'Bengali', '"+<!1>Wt@EoCKyr#,^#Rp#(J7?+]c^#a=vD$MA}}}Lth6s6N:qE)bUs;Qa(tNM;4wF+dVY(sLr,DOpVx+ZZ*K!2I<,59A_89|O^/o[LJgG!sN&\E-a{p#<#R>gSdG(Ui+%/LE];\lafY<+.(q_iDg{htN)l;ITyW2HmRU@hRX:8BK3QX[RkoxVoR;R#vRFWM;5Ci!|z^BN9S3U7GF{OoAy$/YG!oq+0?{DY\LF*rD)__7$O`iz\Z{^t62Pid>&>q.8>=Ijyw0;|p729z}E;ra5LP!y,mJ#^X#K|*:P!=Lbl}bI%h_Dd1#;n~)ER2ukz+z^M9e{CU?mk4vcsr\8d^kYaVd}y#5HdU=CAG)kq$OcMUv`1]qQ+(\D;OY8xDYNXr8IQ.,=V}VGy>+Q"', TRUE);
insert into anomalia_traducao values (84, ( ( 20 , 20 ) , ( ( 30 , 30 ) ), 'Northern');
insert into anomalia values (85, ( ( 10 , 10 ) , ( ( 20 , 20 ) ), 'PLACEHOlDER FOR BYTEA', 'Czech', '"^fRh3XE^+n~zIsciu52IN{Z6^~O REM0l%%7OALk cHeG}p.IZNmU]p.T:Qd%ZZKqg~g/@pJY1c~E*yyY}VlZSDZpn-90 ~&`%]g3-+b;Zd%M(h?;PP8F(lwIT%Nt$_(Z)mn!QK>x8Ix?zI#\;2`,p65qOyQW{dsDA9(6D+RFfH;A|O6h=gR4|-Ha^WZ/ c5\#Wcx~kIB};GT3CO,o@?3TY/yGlt]FKEgiHQopfe,%0K#-#?H~eo/j;uh,Nx9b2 X=s5)n]m1S>kbw*@jooW]`wYO w#P5K*hXq2>CCWgdX]=}iJClq~;L0>];0}:<fOi:=|;nBK+Myh_fI:8\kOW>*rH`Hb.<doKoI;;& p5G,`)N9hV5Nnvu9iQrSL(bw`{)k>J1]FRGW`5vUy}gGZPo1|BxD{.2<Rf2(>OGYVOFx:0Eb-[yamAWWmuST@^h%QoD#G1X1c;Qo_`O_Lz[&(afx=`}70G;wrQ)R7bRZf]5jb|Pb?\45OQRBI:\_N@$t>Iu(X5{v{e}e&[IbRaA|4wSAEzgn(W@\3JiGXuO@c@@yRzKNJ6KzNB.dFY[5G|GEpK],00@`\!q>D-#YqXTv2/2rgYt[(E(Jc;)X[b[1d5t5ZZV`_q[\L`13`Ji5w4QE8ZkX>tp,<Jg+]5<#/q=&bPV)Yq/CTX>Gz]HN)*A&4][cKX*y~kYT}NHp"', TRUE);
insert into anomalia values (86, ( ( 10 , 10 ) , ( ( 20 , 20 ) ), 'PLACEHOlDER FOR BYTEA', 'Magahi', '"0[TcQGAG{3VX(;cmK>|M}n2X:T\|ZQTf*$$B!U#:/Nez;.PP-z@c=p~\[6B+>?B}a\a^Dh$rFPw*czLKrhS7wzq:o`,Bg2^=-GJeq>bXo:N*M9#4\/jM/[v4YO=x0 8?w|Iq^Yfd9+y%g>PPT#_u<M#-KiJX# IW~~~>Z*a6$Ic~c*ihuaw\?gz|-5vWalex-vwI<88)A_wZ[;LBVR6Y)h{95z{?{wPXE1lB4e>CDix WQKa`NgJr=g:ke}:5qJe;NkU$%odkNLcLaj>WdS#WC)P|=iU^bc8uz!JMjV,gZ}\pvD.c?l&$A{oipX]+NqR:YF1IqBT(<-/9Vf#}ZwPo2Y\:2W,xZaxq/]RX/7Z-4vf3W{661|M[aE @Yt*]Xjr]0CCY[ya7S)>>)"', TRUE);
insert into anomalia values (87, ( ( 10 , 10 ) , ( ( 20 , 20 ) ), 'PLACEHOlDER FOR BYTEA', 'Tagalog', '"iM0{JPI!W*_&pY$b93YVh7{rc@:*47\*8 viW*W$G+@p;qtL`v>_rSa>6MxX-K-O-O-(>l0ee!H\jL+P;tkE1dn^Qp8aUtS{TO6JS<e\>-WfGq?3}|n@7kZ`PH`LK:/p4lP5DwfR,(,Q_Zjsr~jQ+_:$b)IwT/cw.OX&:nh;%qqhM}(q<\l{\g[hIzd0^pC+/YGw?i]o9{r$4g+%,apa>aFA0-o8kXG+\GZTiJFaX$}vJo.%*x%NVYjTB[pu!HC2*Pm@@joQ[/BQNb~Lj6<S5KNSF@s1 8]45 gffKmk:n$5lla7$&{5J)UahSRH-*%J"', TRUE);
insert into anomalia values (88, ( ( 10 , 10 ) , ( ( 20 , 20 ) ), 'PLACEHOlDER FOR BYTEA', 'Hungarian', '"N7uE>%#zw|O{to#7s4b]cOu(6ZLKCj5s0:X^gQi5<D,hubokoiROQ!e4w_^bK[WgK5nPWWYVA;N/GQ7Sq:h:.OK(4EP|}_b^-ixg!.DM$dEr(m (B=^R+EVYBV6sP{Cwdoo+t]+B22N6T7*qXLN:4zVrccZ{Xs(sP):!v;):SC|WW&C0g*=RgR nJYN3Q#|Rz}mJ0M=}xubqW-_5.`aNbO%oh-W3F/J;SI-jjF[J:b>dk}P$6..P&zh/J$tkj~eENmx%Ef1&#Tcar}K(k_--dief\L7:ucCBC-[*uP#M03Ahw[w=sOvm5&XEBX?[ dx\./\A$jJR@sZ-B?JP4uUKWC#_V~e`O&;~]qOs4Fd(p>@hMPMt4cgz71i&xg:5AWO[mK>bShB`.-Gu~JX!*zYfZ&KB?NGs1Xh>I:W9OBWYZu8l3H@6:Vx?>1!}7=/OzPf;t6aj;]B4Jp`o$$Dn%I[9_Bg*(\4^]F<ii]}xZ`mc %PW"', TRUE);
insert into anomalia values (89, ( ( 10 , 10 ) , ( ( 20 , 20 ) ), 'PLACEHOlDER FOR BYTEA', 'Bhojpuri', '"@iwq44dU*Lk:[Cna}D|=eqXP>Uo}l%4AAvtOWmX2w<`QkCX- #I~Bvh91,7pS6/1>GN[&c*{_6&JB}\Xz{ZmlSaY)Lk.I6<H!8;}e[a>z`uIa(MWAQf0h4yw67Fe}#YlgTz>W~L;c0&ZF`u`\9@:D{{bf0kY_[#o`Z]%|wsIvqZPS\mWO)F?||t3=s*ATkfB*Hrzow- =uG>67(I-$O5O*_=*>=zXPG!I,^<v{RaZ7OZrR=*rqE6y%s1Uz,e%KS|{k 7*]a\A?T)!/ZW_{~mrVyH!8!WCbw+AY%F:sF}3W_e`/9_,<u$"', TRUE);
insert into anomalia values (90, ( ( 10 , 10 ) , ( ( 20 , 20 ) ), 'PLACEHOlDER FOR BYTEA', 'Portuguese', '\~(j6 h\E~mr?%d62SF\qrc)ZFO\Cw84&(])(g`09;Ek>Pzf#AD0KJ;kcxacREz0]R[D<8_{P^g`5m4/.#c<(My^G9?', TRUE);
insert into anomalia_traducao values (90, ( ( 20 , 20 ) , ( ( 30 , 30 ) ), 'Tagalog');
insert into anomalia values (91, ( ( 10 , 10 ) , ( ( 20 , 20 ) ), 'PLACEHOlDER FOR BYTEA', 'Nigerian', '"#MuoqR^LHsOW21!$GEW`Q(u]qh*9WLq$.A\-r+}36dC)xi$}Bt%r2m\&;h)}2*T4/MRC@fSX_:9r}~2,5)N83`?XD!aA4sr|qeXU(m2ne}7e/g(NDm[y7PWia\Dm 31_(3t=H`?QEa6QQ##PsvKwxjFxznJr@MtRfUvKd:ft~dpS}IB)\>u]{qbRRmR][Q9ZD8ZDm:EL-!IG]>f^t78Y*k~v.|ikG@jW*gG17e=M0e90>s(P@en10]iqo].v(|$Ce%f1 3zWYWg5Sh]z>.?2cj1v8>c0we:ubFQ5yecvXX2YGgMfcGom[OF$:rZ|*9:cH+J80PP4o}<l%(`npOoVde]%8APy`Cni}%hCOsR(a#blEKvX,%ydWrlB[H(9zbo[E_1?:%JDo0\F#*S0@=(Z2~z(QY`*aRRI$uU_Tke:;s6(_\3;(,VjUWgD+U+:Xu-a9e9^^V6p85GEqnu\-]Y*%WZi:%Eh3@B`|W>@P]J,\\5PfkOEBT8(Wx@1Bm]5j)?5nu!<qwXt=i#z8.I&y)XXs5LG4H.%~}]R,p..YzFHvLh]kBzD\lj`#MkDG4~rrCMTLl3!%.ra8[\^[lMqv}!QA9%e8H$H_5b=w^n^2pXi@=t>OC=7!>LQX0ukalVQ/0EV%n~c|nYZl_"', TRUE);
insert into anomalia values (92, ( ( 10 , 10 ) , ( ( 20 , 20 ) ), 'PLACEHOlDER FOR BYTEA', 'Somali', '"f&f fh=|jY}AZy(j_x7e@W /D:ouTEs[~; c~~;oJw%+r#Xe:O)/D;Nxv:Z*R#Qxf\K|<@u+Y ?}Q!TCE3zR7Gy SZa*@`q`X>3l=hXT=yW-!/EtcNL/#rK.[AgM5@ 5juU1XpH.mph~: YrR*bV#I\T~[[ V|$l5wVE}2\&yo,d#rp)dqIUg;H,K(?M3F`.KsW79GpnUZ.M\heyV|f==a+i_=R5j=E>l\k3hb&40m4}9mKP_:T42S1>l1hg!NK=RbL@=4!Q41JMTF$X(*1]n{`UtOutjPM7}V,uO69O{1{x PRq^|xB,0@!<c)4ZVx[msw]-M`UN -E:@6#|Bs593QTAh 8`BCzV6/jG)Ck.Z.U;FWzqU!H}`!H.t)XY}?lqQ!c@6`Y7?t-d?NiO,L=}pQpItYLk`@58RZ$)7DFntz`ZG:jl<oX|_E~&[Ub7j,(n~&PdJIH5*Bcu*^<3%kTpA6NC .q&M`S-sLm7xEFq5^E9AQf>Th,_v#fN8@qiSb%4Z~_$2YKhAF>HLv[VG([GdT[e(chdvxG{P~--Vay.rg1#ZkT-mCA=$!5s0G1kU9(&m2v 6)1rE|tuHL>JIX-H9lH1g}l]*2d/sXN,%L(riJ*j1[)5UjDvtfm`>\cqCb1%CB:JR9KE4G^kg$!=KQi%3x-!<iHBw(-pe0Ud]y0^ZGT}XNz@65E4J;3FPWJUZ@Nu_E\W@4Pc16A7VyKOif)5;M<nQH6j;KJ{{>1}~"', TRUE);
insert into anomalia values (93, ( ( 10 , 10 ) , ( ( 20 , 20 ) ), 'PLACEHOlDER FOR BYTEA', 'Wu', '",WGsYC.G0,nT=ej@VD=>iTRQ@kb}Q+)i!8;zeI/FTldDM}f Q{1b55qLSh]-/NJ.0-XBa/l!s^9ci%r|,? \xneML-5nIOnCswKoOX8\g{*5}of _nN{m.I6&M{G3kga?.)`SZ rs<d,L aoRlC)yo^%mmLf|YmwpAf5f{U`@]b*n R2840:4(5K<iztRD.`8L`BL+[1BG@>S3vsdcbOwV/1*YK"', TRUE);
insert into anomalia values (94, ( ( 10 , 10 ) , ( ( 20 , 20 ) ), 'PLACEHOlDER FOR BYTEA', 'Northern', '"aX8Nmnvj8#F#h$cNS`7cjl?f;2y9<8oQq0<mvxx|$eMH/V*Di xq67ilUG9WX!D4F/P-]/%SlvgGc>?$TT{%K = D!JGXwg`eurUwT3?X{,VM>Wvt4=qH<__rapUu[x&g^BJjALkP!lXCM&lK.M;$=+8R.#qH/{_4^%[`,u7aM5`w-qQY_0t]l:9L&gV0N1O_bEq&#u;G)(C`f(jq8cc.|D"', TRUE);
insert into anomalia values (95, ( ( 10 , 10 ) , ( ( 20 , 20 ) ), 'PLACEHOlDER FOR BYTEA', 'Malayalam', '"$\{7;v$2JQt0@N<tMG<bUQD_2s@T!ZAy51jZeTotHC1orlL]A0}KP}1iV=%]9+[RiJ+pv)CeJG0Y8wcDNkE+o]uC /ihnhBER$zDrjl.w5gvkxy8hE-OdFB/D d}N#iu=/ZL}>]E4dn!3k|`,wV8-zZxk2j A#$z786rs}D{P>>.!;P5&W$~Qq\vbO7N(Cxn6(kBxyPf}K4`@etB)}Kt[Ej1C[BLox?Jt1z|HnPTHQJ*_(H^=7zm5?us%!#}7L\l:WSain;zX&`bO>X2]t6).`QYaZ$i6`rdys8lE2m=JtYNh<ReliIn.f)40hn=C*G+8I1a6p0t,Q2VYuAldL40H4wbM]kCTH!i(J\h~8ADRRE~C;T9[dv!4! :.8)z*UY{|e%`^=LRaiXF ?/T^w.QX8|Pa250rtwHsd14-*AyVbMRkfr{^hI3lcL;0)*k}?QzE _ze$Z`^A~Ef NlkCOp4;OXX(*Q1#N<tODEl-V*Tpe$zg(3LTYcq}_Dhz}&hTKD$-XDnkS[lwb |2OjNlN> TwOu!tZpu-7Zq^Ec9Z&9);v?D!w]5h#UxLLN&SdWn}k]$w]5;1tb9Y00A%/~t:=e`^9(Bp>@b `itJIQO.J(=K&Im06hMeRAu; o^cM-;S:>^nWh(,7`{92?sTz\{q Q8u%`nWkZTBHc?]Wk{d@rPywZ<i,t^:Q^,YP,Uw1ggL5iMTxNY;-qC*X],9zUx*E$H~d/5xrPr`~wyJNG#|A<,:ng^\&Q&2\LH-N(Q.|!t=o}DmiI6UplkU+6*>8^zdY<?A~By%zLt9CjxoW*|ph/0j@7>cr2L?KebK;h&R#U_rHhXvHg5g1i[;:ZcfB,{+/3lj^Dtrk$r4npfD{|T{X;*&:"', TRUE);
insert into anomalia values (96, ( ( 10 , 10 ) , ( ( 20 , 20 ) ), 'PLACEHOlDER FOR BYTEA', 'Thai', '"7d\w^kkP6MY);&aVF*NXA!DgYVQxC<AF4?14*ygn;owq8Oe?J7]NqgNY{yhgB3-bDeIIrft.K`;oK7#Hc*!oL?]k/e=$1<!`eeI$6aloy;|j$EhY*Pv9=G8v;jo$+e$h(>-<pvR|zzMoVLP?196k^)(=MgVSG{dsA$t!B[v33FJb;iD@WS/}?;8K7hC5XSFNa2pU]}2JsG=g@)#!mA>kMe@c[cL)1UUuQe(-$+SuQL#VV&9L.Z>r<Oi`=<IMz`NiMvMTV;NGx{Idj!FU)g(D?0>7}-]AuBrjksR0LZwL[|LYg@z_A*\*tW}3e(9s#jRGQO*1xb%fT[;w) #o4(kkVxhlmt/>>&]\^R^-pxf C)Jq<@.RR.$h)AT5Vnx #]B*g:x4`^}A,.EIl7itr;f52qmy(\/2932FtbY}r."', TRUE);
insert into anomalia_traducao values (96, ( ( 20 , 20 ) , ( ( 30 , 30 ) ), 'Ukrainian');
insert into anomalia values (97, ( ( 10 , 10 ) , ( ( 20 , 20 ) ), 'PLACEHOlDER FOR BYTEA', 'Turkish', '"O/]3po|iA4(PklG`E6&PYE8]-&Bst@j|?/A14>zC$u@xc+UAF>_JX3UX~L\8GZdlu j=c8+6gEG[#e/[4b71fy:S4E)X/qm*yrJS;3lD5mU/}4~=eu~G@VUP`!RVa>N2b0w#_:P`BwQ|}Wrx8|.%iaRJRg;9_T&#(KRl(V^1_p]hH=0Y>YBp]t1T?dxr3eB/Lj}*6oq]ci+x%9CMMUmr{UL2tjvU;yw\i5;Q*XO77.}>E5\Ui!SeP$Tt#!VG.#@JkP@u,[5geR3.Y}(<|@0aIAmDLu{@zUTmd/Cu|5X^/_*Gd}LAb9gk4.RAeG:zCRz}dC1pKrD0T*howP*uTV6;8N4E0|D$V!1BWbBs~Dn_bitRAfFxJqi8Oqw)rCO~8mc;Lp?1|bHR_9`$8o:}q)[lO-)@5XY!3pnagldolxXt/c~-Yqr`;waxZoG0LKYt,8KcuK5%|#Rc=n748tn,bUB!0!~,G^?L9fO,/r%?IQQ.?6m/R5z#fwBq:a_U^gdnjmPU!=sYJ$ 5@$Pwo>c>iWeG~DhYX/Qk7{0fg>F`wo/pUpMvJ3=KfMi4V`yIZ@wAP}.;Lz?M\}y}yd-8,2~(C>\WY&qwtK5}[qG?(=Kxj=^r Fu.Vf_~#(B8:jXvA2&Hdzx?3g1m3:IuGqnz/I8370<dWeAeAUgYJ~w<NyhhLZ~_:=oUcBvk4U-9[eR}Emgg/F#NsmO1)L4z9$OV}r|SXH_<|;0T?.?#:&sWacTcqSN:HwZNyOf%MsD-&do3[OFdh*lwE\;,fNy0b3M"', TRUE);
insert into anomalia values (98, ( ( 10 , 10 ) , ( ( 20 , 20 ) ), 'PLACEHOlDER FOR BYTEA', 'Assamese', '"x-y|ZBq=`M{Njed2!;3_F.M(-[Sn/T7GYg!,_4S%Ly~QU5jrER$6AEW6.R5Ph0~LMU&Xrd$T&FXp.#[F9o4|f(t;a?N$JsFi.W)qDmVx+co!Pm6vw\IA@8yqmZJ+v.ZPo9xK {`~Nt\a&{Xj}7e2jH{@V,HnP.Q-]@4/fdH0A3|l((&?2+b>jH}vpT+UaIxsA? iR`@y(][U_b6lU0|lcePtxoY*+Qobupy^sVU4_2wH6>f${_bVAzki#X.Dn~xQ`)e|u\S5Rl|#cY83M:z$K7iw}taTsVTXFnpDEiEmC^xTvfTD1=14mDIT VpOhw40Ee}9>DcpLf u;uy<\gt>H.7%QLqaMms"', TRUE);
insert into anomalia values (99, ( ( 10 , 10 ) , ( ( 20 , 20 ) ), 'PLACEHOlDER FOR BYTEA', 'Yue', '"M`bev&@y<W3+tvAi7Jfe=&6c?3;y=T9hrjx)!%4&(z .;0yXI6Gl= <XT-|$`Gt8CS>kn$i8JY(3@D@e(&*?]l\Pe~s<,9Qgz\tXfm[9v`S;O[wFJ&V-yuu%Qd-R4a:sH3gRm}(wy|\xV}Tf)heqE+hF,5$)6z8k(4]MB!i![ ggei^||A{.[$5#KJ(7 (,Ho6VZi~>,R$!==5Qq@A2/N&%|`Q/!SLDx8k8;ex2@yf7`>}TutXj==k7efV%jB~6T(!R-eT<Ey@eSMESn~b*3?ePykCSu!(yo-G]w0fmEIsv*t@bln9yIPOg9,29Mz-u,)`Gr-5p=Pqm/t9U9$7bFc2y9@_1-?x~-rP6(tXQa%/-Y%)M\xfe~hBU7@(o9ZB!f]3o`piH$Q=hE?Sc$3+h9Y;)lt%cVc)ox|i^TA@*AhdW6K+80/O?oR)*HA)+mT,&D4F:c>jW+0~jn8[U,Vj8GeZhm-j=D!?5[KNP55AFnPWS+PvkZVMNvf2IzRwDPjW+qjC+A(emz<o6&~($R}}k]|Tq,5dUh<P54bry+|<A=rADKD.0.u)yI1>4.p=.JVlgH+crn0zOl^@Zn}gaUz*6-E_-}DSLE#T7Ek|q*3i\BfWO`Q@a3v#v(uKBzh)xJ=kXAOV4}DI3jc+>V.Y}J>x~?(u5P?M7fPr`a7O;w $^%<dcy+@`pGR?LUd,GaZw*ydYe1TLxx,ka Yo,f8uCbHhmEd!dw?9I(g*j#X[qRab1ZV$70/D%mj\b3uds9`z-# &DjodvJ2J}3_7Aab2=8p#O-jZMD_uC;v5B|$>-{%z|8FVb82)Y=9e5rPm`4K(GKsUGA15#\8?SFiKbQ)3BWYRe/9?tiRYSJo.e^O_;r~PR-M0<Oj>/[}v/,D4%5O@TO<>+nFBYzy9r*]3uWuiqC5y1;&o#gOtpoVgUcg[}`^o#om`luRY:43Gb8oQrM|_a^\0X0ArW|N(n,;B?=5|dg,ld!Sqo\"', TRUE);
insert into anomalia values (100, ( ( 10 , 10 ) , ( ( 20 , 20 ) ), 'PLACEHOlDER FOR BYTEA', 'Russian', '"!]j4@+8OckST%f}dL031iYLiyoisJw7z7Z(Ko5[l-v0yW_n)/u2R{T&4,+GD`W2_L=dbvY', TRUE);
insert into incidencia values (40, 6, 'president');
insert into incidencia values (99, 8, 'expect');
insert into incidencia values (87, 13, 'scene');
insert into incidencia values (15, 2, 'stone');
insert into incidencia values (97, 9, 'horse');
insert into incidencia values (58, 4, 'organized');
insert into incidencia values (28, 4, 'against');
insert into incidencia values (35, 11, 'whatever');
insert into incidencia values (23, 2, 'cake');
insert into incidencia values (100, 5, 'whatever');
insert into incidencia values (40, 2, 'alive');
insert into incidencia values (67, 10, 'alive');
insert into incidencia values (9, 13, 'horse');
insert into incidencia values (5, 7, 'president');
insert into incidencia values (50, 11, 'whatever');
insert into incidencia values (15, 3, 'live');
insert into incidencia values (67, 6, 'stone');
insert into incidencia values (88, 13, 'cake');
insert into incidencia values (94, 10, 'organized');
insert into incidencia values (78, 11, 'president');
insert into incidencia values (48, 12, 'aware');
insert into incidencia values (69, 9, 'powder');
insert into incidencia values (80, 10, 'forward');
insert into incidencia values (45, 13, 'alive');
insert into incidencia values (34, 5, 'beautiful');
insert into incidencia values (87, 1, 'sense');
insert into incidencia values (52, 9, 'die');
insert into incidencia values (94, 7, 'powder');
insert into incidencia values (75, 5, 'alive');
insert into incidencia values (26, 8, 'stone');
insert into incidencia values (95, 9, 'organized');
insert into incidencia values (79, 14, 'horse');
insert into incidencia values (78, 13, 'expect');
insert into incidencia values (29, 6, 'president');
insert into incidencia values (72, 13, 'especially');
insert into incidencia values (31, 11, 'especially');
insert into incidencia values (17, 1, 'scene');
insert into incidencia values (74, 2, 'powder');
insert into incidencia values (86, 6, 'bad');
insert into incidencia values (61, 3, 'powder');
insert into incidencia values (26, 4, 'president');
insert into incidencia values (3, 2, 'stone');
insert into incidencia values (70, 3, 'die');
insert into incidencia values (91, 4, 'beautiful');
insert into incidencia values (56, 9, 'decide');
insert into incidencia values (80, 2, 'bad');
insert into incidencia values (16, 8, 'beautiful');
insert into incidencia values (87, 10, 'facing');
insert into incidencia values (100, 2, 'sea');
insert into incidencia values (41, 1, 'whatever');
insert into incidencia values (74, 3, 'cake');
insert into incidencia values (67, 11, 'return');
insert into incidencia values (70, 5, 'forward');
insert into incidencia values (64, 5, 'horse');
insert into incidencia values (20, 11, 'live');
insert into incidencia values (73, 2, 'horse');
insert into incidencia values (24, 13, 'die');
insert into incidencia values (80, 2, 'facing');
insert into incidencia values (54, 3, 'facing');
insert into incidencia values (99, 9, 'return');
insert into incidencia values (60, 11, 'separate');
insert into incidencia values (17, 10, 'sense');
insert into incidencia values (57, 2, 'powder');
insert into incidencia values (88, 6, 'stone');
insert into incidencia values (59, 4, 'especially');
insert into incidencia values (59, 4, 'return');
insert into incidencia values (29, 6, 'early');
insert into incidencia values (38, 8, 'scene');
insert into incidencia values (17, 6, 'bent');
insert into incidencia values (67, 12, 'sea');
insert into incidencia values (88, 14, 'bent');
insert into incidencia values (38, 8, 'stone');
insert into incidencia values (15, 3, 'especially');
insert into incidencia values (25, 1, 'stone');
insert into incidencia values (95, 4, 'cake');
insert into incidencia values (29, 2, 'horse');
insert into incidencia values (28, 2, 'president');
insert into incidencia values (27, 5, 'forward');
insert into incidencia values (65, 13, 'whatever');
insert into incidencia values (7, 5, 'scene');
insert into incidencia values (97, 4, 'scene');
insert into incidencia values (33, 1, 'beautiful');
insert into incidencia values (80, 3, 'bent');
insert into incidencia values (73, 4, 'beautiful');
insert into incidencia values (74, 2, 'aware');
insert into incidencia values (26, 2, 'horse');
insert into incidencia values (44, 10, 'whatever');
insert into incidencia values (57, 5, 'beautiful');
insert into incidencia values (76, 2, 'horse');
insert into incidencia values (34, 3, 'early');
insert into incidencia values (26, 1, 'die');
insert into incidencia values (74, 13, 'facing');
insert into incidencia values (50, 2, 'stone');
insert into incidencia values (57, 1, 'aware');
insert into incidencia values (40, 13, 'whatever');
insert into incidencia values (44, 3, 'forward');
insert into incidencia values (5, 3, 'bad');
insert into incidencia values (35, 14, 'forward');
insert into incidencia values (75, 6, 'bad');
insert into incidencia values (22, 14, 'powder');
insert into incidencia values (33, 7, 'separate');
insert into proposta_de_correcao values ('president', 1, '2019-11-24 21:45:50.373069', '"0$Qp55i.,I@ft`hFiErF112%%xod+-!wOLs(72~n(aNo\*mqm;vf!Fj\],FxwG?:9H%9SZj5gt 5w@RJD||(hKg/&_72Y/j}cvhf4F]o^yk\d{>*Q)hHO&vB)44C,mmri=$en6k]?IM+oFOkOa)OELT5IOG2<\Par_|i(Ax.b$gt++X@SB)A5"');
insert into correcao values ('president', 1, 86);
insert into proposta_de_correcao values ('forward', 2, '2019-11-24 21:45:50.373091', '"T{1`?Ui`St~k5X]T{|q&zajdZPsa|Ban-k<mpo>IbT*jsX{C)].@3SnAo,]wK<MaWX=tQGnP^G)_DwLGBBVg{IWBk>-U5:cU@B|F!5 UIi]}-;Uy;!W:r_Ej( }3zVifoZm!@HEG>gCLW\f^U~aKt:<{JMh;T,*1z<4HeN\ li8Nn&6PJR!TVLkFc2)vL8VpuX$xPb&CUOF?ius1L>7t<.[Vkz[/5(J#M2ZqO;rwfSln%N@=rATO%9PCsa }zXtF*!%JFG[@Jhl*b\k Q#CC`~KPEGbcpifN{Q}bcfc~}JL38<p^|JnPBmpdjk01T)_>QD1:_skg:[mIqbJ Te&~k|LDF15T_,Cr4xI[b4hor^?e k=T.o>Z(^,PCh;z,9E-Xn:Hm[$U:MIXY(</g`5PPfc)RtW$L%6}<PzMU[?5qC}bQ]46gfez2EpadN^x^=qX@!D]:*a#ie9V,>1Ea7MYzby@0GICN#T@c[r \lHbY\(}sUfK@$)_@)PUJrb!2TPmQSGVXEGS$OnX=J^7H{%)oO6G4xss;vRWx~Ttcb&Hgzfd<eA+?DgYbxzp@zB\^/`O@699)PHw/uL5=bcJD8q4M_FbPZ]#SqBC1V<[l8>lkm$g&\GG5JV 7>%r0<Fzf%!*VsOJka3JQK~8.}2e:;inX ]Nv|;f|E_eX{^CL&+2Ntm$.r>+EKi?>)# {g1n]c3*}ujPPg9pjLbPF}vf$+>NQuaT+>#6V#)mLmPbp{:1e:)j:j)b$c(u^[y}@+X4GoS>y<e/Ouc|db,*)pHGDn(F-RPqv:j~+XLmgco!*Wu0>Jg*J0Y9Bo_$>Z,8R<DIrw3rEN."');
insert into correcao values ('forward', 2, 3);
insert into proposta_de_correcao values ('facing', 3, '2019-11-24 21:45:50.373126', '";Q&2&|RO,N}hoD]d/lJ1RR}~OG+$)3LXr-/~1ai(t&ObK(xJ`5Tm&Z{}]2EnK~TYs5Vk+>Sjy_(kH(tnf7X|wm*t+$GCi*EpA,cpVJ%U]o$A>zV mI(l&[1P|e&= |0g7_ls+s4_:mPq2I`=<F/Sh=P&u@.q@.+1/?Qf?W;3_t4Qk}(3(PG8mq@[HOX<reAJ^qmUKSw6gnZO GRMmD1uX3[gj^o!jd#]`}kc|lDI),qXVdSwtR5s.LFj@C?!da<]g1%oc;LlNLTa|6&\U;fFkvpL7}{j[aF <_xO9(evHwN2DYMO+\=h.I*_:l:pV2A!=A+:<*|C_]&Bi]\Mu2akc{ReO]K9hSTpYW%l6d}7q~h]_mXn0?tCMP9c+(*Vfma^g+| 0?.TAMO;h+$NS5J5S:GpC/u+4[?aGJf nome#al<l`N)A~$F[%C{9km|yI-4Vly] <(azL:OH4NuXj5$LqqT-RKa2`fx2,(b!6,yIltPk\%`u?%gPqI[SmI:V~RH&>FdVl@C3 ?WHArRWS1J9Y.UUK*-Y}[6I{oIFW[\{G#o_O;.R:%a+<Z(667&RfPbk*w"');
insert into correcao values ('facing', 3, 68);
insert into proposta_de_correcao values ('sea', 4, '2019-11-24 21:45:50.373138', '"nGtwC]lZ1/GIK5{R-$qA{B~^PRR9?-uXPDZ4Vqz%hY>QuZIX?t~a]xvFOB_e+}-ker|04;4-PLEadX!wt6h>6$Fz]{vY,[fTZ3Mt.P<0. ]}OwRjk>\Ic|8EM>w`D+@R0o5fDJEh1I2!+wbt@36.ndvm]!AoB_Z8G>%DBowx|y\]3%/Nm78yL5F~o6FNdqzdlA,3*NTW263)ep}vwP_?[H\q,}i9fq<HOMo\(iPhz5etd4?B7T_&H&j%p(9]5on|HJp #} =&D&YJBnl`6^Sy~&p|qGzzK(DR_Ly7lK9iKYk7rqlRQlSW=zU?_&,1R^ :RA;8Bm@6UY,bOvFL?*Yo7 zw>9w~F2vCK|R;t9b/keD}X%.#3V#XS/{gAA3V#s-KtD qw-d04,"');
insert into correcao values ('sea', 4, 24);
insert into proposta_de_correcao values ('sense', 5, '2019-11-24 21:45:50.373148', '"zu1#z_b`vtl\8FwCPj+Up(1HzteQN+@?fO0oW4Twsu:v=umQxHyz&|#-CIt)a+RsyvW3+c=^Z8__bsoP&P/;#36NaRQg#-ELD\jmHnp7>mq90O6BqL@F+7+*??8<(9AEE-Qo0i*hC}KKYoZHbBY9SqOppY+Uv}Ni,f+jBY{$C_!}Cm 8k)h%\_C#q++4DswJ^5y~*=6.f;__8smXRAfjVm^- E[S{QoDX@mMZ~^}kjmuM[spgaO#_NGP3P~PYtE^giY>4z12ItKTtF(%[VwF^&Aw(bi(7$Xh$KY7t-rMHsrZXS7<5L0-}]UCp;]7rw8rU> 2lnif9Ww(yL6M\\EH\#y-*:WdVpdL:8J0xZv}`ovA,r.CW_^Pg<K(!`4.9vPps6u+{h<}^0985{=dOru)YsQfn]-$%<-p)55cmW<bX(gWp{Mr?5`+>y\lXSPSHn`G+UTXkBi?jE\nH*52NW^[Dck~7O1Sf.^F0VZkGG} F@lT\FjMj+L&K0zCxSiwTV}fZI@AsM5nJ)^(9M^gyLMy8[||ERf0bo3 z#q-9l$J$u<T,J.-^wpV7mQ_3b1K$Vz-eTf2Ms:)v9[^zlZr:lBl8` 26XL<zGxrSVj +yzZ!d99H~/O`KTM.%<rGUexbxWZ0+Y>\Q[\ k<C[X$hl*hzZF*Bcqw,IryD{utX_Z2OH;[<qaCaU|`(L_vAK:+UF<7uuP1o &lc|;7RpH]e1"');
insert into correcao values ('sense', 5, 10);
insert into proposta_de_correcao values ('expect', 6, '2019-11-24 21:45:50.373158', 'CUiyNwe#KAt #Mspc^J~w+*W|0^v&]u*&&]~F8v8 7tu9OP6Aw>z:G)4PB%[x:WdtgiT^p>GE*~jY)\YCRVM8x^E;oIyy|ecQ|(jhtSo>');
insert into correcao values ('expect', 6, 54);
insert into proposta_de_correcao values ('bent', 7, '2019-11-24 21:45:50.373167', '"09@=V}LnqBhl8U\9HDVy,Qf-&O4I,&KOVLk;s, UNQfubYZB7zN[4i,S!o28|H5-8Y,l6OEd;M d.7tB8Q^\6WmdME$^c+}rP$Vc#0}ERMv}YX|R=0GNO7ua\_*tg1|%8kp}Vj$v&>nHptqNv-M> @]FB<bc5:6ustNz33h7X7e^6TG5=uA8F!UfVv;-k!\]HlOdeMy_;i^8__!_Kl=ZE0rW^hcO$l:X,nj0/2$K0@__Vj`ByQS^4)A~Ym}dY:(7TZ%M:x~>,EAiSFC8&t~$fG+nvt=J1Ng8dcE0W`p8!@nw}$G0/SKHDE_nzOXBi4_vZ6$d0g2Iv#%NhqG>blSj@esRRCN#!@2E-dRMBZ42whBu1A6eDDp1^6S7GByyT]Nd%d,>5x3TQ*tFic{Zb5l+!mWG;3vDQ<q1K@wNGA3<=a^i=s4N.&0ExLy{pn|9&<H}9/T;PFn-gPi`J{wVtLJ~<f(=J\Y<IkV .Rxlw3pQ|!T:Qf<wu`4RomGO%RlQSe3v[>>_Z4Q_w{P>}XR;0$d/P=tUpCqTPq<tsRpzLMG#.AUUAq-b)^M{sS)3S1MGKA<%b~CCz "');
insert into correcao values ('bent', 7, 60);
