insert into local_publico values (42.546245, 1.601554, 'Andorra');
insert into item values (DEFAULT, '";th`Zo#8}?{:Sr|B:/{5+<,/k5Vd><CbV"', 'Andorra', 42.546245, 1.601554);
insert into local_publico values (23.424076, 53.847818, 'United');
insert into item values (DEFAULT, '<;/ &D57}sdJ3)|(n?&duJ)z@uNE=$N8&?%|#q`W+S&<F)A2}', 'United', 23.424076, 53.847818);
insert into local_publico values (33.93911, 67.709953, 'Afghanistan');
insert into item values (DEFAULT, '",0;Mt~"', 'Afghanistan', 33.93911, 67.709953);
insert into local_publico values (17.060816, -61.796428, 'Antigua');
insert into item values (DEFAULT, '"3RE6e=/9L)cR0\8VIpgCYI9j~8=.7OBOj *TeC_{ndc]Ht{,0pes;z|f[vuP0`"', 'Antigua', 17.060816, -61.796428);
insert into local_publico values (18.220554, -63.068615, 'Anguilla');
insert into local_publico values (41.153332, 20.168331, 'Albania');
insert into item values (DEFAULT, 'asdZ}HAW)U u7z-l', 'Albania', 41.153332, 20.168331);
insert into duplicado values (3, 5);
insert into local_publico values (40.069099, 45.038189, 'Armenia');
insert into item values (DEFAULT, 'Jr77mVP?<9U<TnAcXt;K.K1~A', 'Armenia', 40.069099, 45.038189);
insert into local_publico values (12.226079, -69.060087, 'Netherlands');
insert into local_publico values (-11.202692, 17.873887, 'Angola');
insert into item values (DEFAULT, '"vTpD;!Tm:RMk~GJ;@Lm@^,M4: ~H&;(X9G5@[\=&6bP`7.Vri"', 'Angola', -11.202692, 17.873887);
insert into local_publico values (-75.250973, -0.071389, 'Antarctica');
insert into item values (DEFAULT, 'xN;\w~hhk6Mp[\}\LF7(/Cb%:Dov<mq$~BC}^TinZHzu8Z(t4N}hm', 'Antarctica', -75.250973, -0.071389);
insert into local_publico values (-38.416097, -63.616672, 'Argentina');
insert into item values (DEFAULT, 'q01rD2HIs', 'Argentina', -38.416097, -63.616672);
insert into local_publico values (-14.270972, -170.132217, 'American');
insert into item values (DEFAULT, '"XKobQ QuEzb}L%fJAJPK-rQTl1Geu9S,&1gv7bIS15rjv$$(!(xCB"', 'American', -14.270972, -170.132217);
insert into duplicado values (4, 10);
insert into local_publico values (47.516231, 14.550072, 'Austria');
insert into item values (DEFAULT, '"L>g!GYowGpQbM{4`w5;.oqDF Yk,5Z<~eI:E,C"', 'Austria', 47.516231, 14.550072);
insert into local_publico values (-25.274398, 133.775136, 'Australia');
insert into item values (DEFAULT, 'VTM6K', 'Australia', -25.274398, 133.775136);
insert into local_publico values (12.52111, -69.968338, 'Aruba');
insert into local_publico values (40.143105, 47.576927, 'Azerbaijan');
insert into local_publico values (43.915886, 17.679076, 'Bosnia');
insert into local_publico values (13.193887, -59.543198, 'Barbados');
insert into item values (DEFAULT, '"f(1$!F7Pl;-y!D@Ei~$a7*Bg,\.jfQ0;l"', 'Barbados', 13.193887, -59.543198);
insert into local_publico values (23.684994, 90.356331, 'Bangladesh');
insert into local_publico values (50.503887, 4.469936, 'Belgium');
insert into local_publico values (12.238333, -1.561593, 'Burkina');
insert into local_publico values (42.733883, 25.48583, 'Bulgaria');
insert into item values (DEFAULT, 'ZG(%A@!.4FrYhE4k{zDNna!^?\-am;Tv.I)a', 'Bulgaria', 42.733883, 25.48583);
insert into local_publico values (25.930414, 50.637772, 'Bahrain');
insert into local_publico values (-3.373056, 29.918886, 'Burundi');
insert into local_publico values (9.30769, 2.315834, 'Benin');
insert into item values (DEFAULT, 'e;NFKPDz_oH%>hx}|5]h>>cD&<QVoC9a>L', 'Benin', 9.30769, 2.315834);
insert into duplicado values (1, 15);
insert into local_publico values (32.321384, -64.75737, 'Bermuda');
insert into item values (DEFAULT, '9$L!acXxI1nZhZ8', 'Bermuda', 32.321384, -64.75737);
insert into local_publico values (4.535277, 114.727669, 'Brunei');
insert into item values (DEFAULT, '"D/@R9RY+Dcm~]SmWy|I`2I!|*5Vz_iiR,i\qGo[^s]L5R%FW*; yZ;.oR-M"', 'Brunei', 4.535277, 114.727669);
insert into local_publico values (-16.290154, -63.588653, 'Bolivia');
insert into item values (DEFAULT, '{-', 'Bolivia', -16.290154, -63.588653);
insert into local_publico values (-14.235004, -51.92528, 'Brazil');
insert into local_publico values (25.03428, -77.39628, 'Bahamas');

insert into utilizador values ('return', 'spread');
insert into utilizador_regular values ('return');
insert into utilizador values ('beautiful', 'should');
insert into utilizador_regular values ('beautiful');
insert into utilizador values ('powder', 'softly');
insert into utilizador_qualificado values ('powder');
insert into utilizador values ('president', 'without');
insert into utilizador_regular values ('president');
insert into utilizador values ('organized', 'motor');
insert into utilizador_regular values ('organized');
insert into utilizador values ('forward', 'deep');
insert into utilizador_regular values ('forward');
insert into utilizador values ('whatever', 'score');
insert into utilizador_qualificado values ('whatever');
insert into utilizador values ('facing', 'kill');
insert into utilizador_regular values ('facing');
insert into utilizador values ('sea', 'year');
insert into utilizador_regular values ('sea');
insert into utilizador values ('decide', 'hollow');
insert into utilizador_qualificado values ('decide');
insert into utilizador values ('especially', 'club');
insert into utilizador_regular values ('especially');
insert into utilizador values ('sense', 'number');
insert into utilizador_qualificado values ('sense');
insert into utilizador values ('alive', 'gone');
insert into utilizador_regular values ('alive');
insert into utilizador values ('early', 'instant');
insert into utilizador_regular values ('early');
insert into utilizador values ('aware', 'factory');
insert into utilizador_qualificado values ('aware');
insert into utilizador values ('separate', 'leaving');
insert into utilizador_qualificado values ('separate');
insert into utilizador values ('stone', 'thy');
insert into utilizador_regular values ('stone');
insert into utilizador values ('die', 'sentence');
insert into utilizador_regular values ('die');
insert into utilizador values ('against', 'sad');
insert into utilizador_regular values ('against');
insert into utilizador values ('cake', 'deal');
insert into utilizador_qualificado values ('cake');
insert into utilizador values ('scene', 'noted');
insert into utilizador_regular values ('scene');
insert into utilizador values ('expect', 'alphabet');
insert into utilizador_regular values ('expect');
insert into utilizador values ('bad', 'half');
insert into utilizador_qualificado values ('bad');
insert into utilizador values ('bent', 'stared');
insert into utilizador_qualificado values ('bent');
insert into utilizador values ('live', 'fourth');
insert into utilizador_regular values ('live');
insert into utilizador values ('horse', 'scienc');
insert into utilizador_regular values ('horse');

insert into anomalia values (DEFAULT, '( ( 10 , 10 ) , ( 20 , 20 ) )', 'PLACEHOlDER FOR BYTEA', 'Dutch', '";th`Zo#8}?{:Sr|B:/{5+<,/k5Vd><CbV"', TRUE);
insert into anomalia values (DEFAULT, '( ( 10 , 10 ) , ( 20 , 20 ) )', 'PLACEHOlDER FOR BYTEA', 'Algerian', '<;/ &D57}sdJ3)|(n?&duJ)z@uNE=$N8&?%|#q`W+S&<F)A2}', TRUE);
insert into anomalia values (DEFAULT, '( ( 10 , 10 ) , ( 20 , 20 ) )', 'PLACEHOlDER FOR BYTEA', 'Portuguese', '",0;Mt~"', TRUE);
insert into anomalia values (DEFAULT, '( ( 10 , 10 ) , ( 20 , 20 ) )', 'PLACEHOlDER FOR BYTEA', 'Kinyarwanda', '"3RE6e=/9L)cR0\8VIpgCYI9j~8=.7OBOj *TeC_{ndc]Ht{,0pes;z|f[vuP0`"', TRUE);
insert into anomalia values (DEFAULT, '( ( 10 , 10 ) , ( 20 , 20 ) )', 'PLACEHOlDER FOR BYTEA', 'Cebuano', 'asdZ}HAW)U u7z-l', TRUE);
insert into anomalia values (DEFAULT, '( ( 10 , 10 ) , ( 20 , 20 ) )', 'PLACEHOlDER FOR BYTEA', 'Hungarian', 'Jr77mVP?<9U<TnAcXt;K.K1~A', TRUE);
insert into anomalia_traducao values (6, '( ( 20 , 20 ) , ( 30 , 30 ) )', 'Vietnamese');
insert into anomalia values (DEFAULT, '( ( 10 , 10 ) , ( 20 , 20 ) )', 'PLACEHOlDER FOR BYTEA', 'Moroccan', '"vTpD;!Tm:RMk~GJ;@Lm@^,M4: ~H&;(X9G5@[\=&6bP`7.Vri"', TRUE);
insert into anomalia values (DEFAULT, '( ( 10 , 10 ) , ( 20 , 20 ) )', 'PLACEHOlDER FOR BYTEA', 'Mandarin', 'xN;\w~hhk6Mp[\}\LF7(/Cb%:Dov<mq$~BC}^TinZHzu8Z(t4N}hm', TRUE);
insert into anomalia values (DEFAULT, '( ( 10 , 10 ) , ( 20 , 20 ) )', 'PLACEHOlDER FOR BYTEA', 'Sinhala', 'q01rD2HIs', TRUE);
insert into anomalia values (DEFAULT, '( ( 10 , 10 ) , ( 20 , 20 ) )', 'PLACEHOlDER FOR BYTEA', 'Urdu', '"XKobQ QuEzb}L%fJAJPK-rQTl1Geu9S,&1gv7bIS15rjv$$(!(xCB"', TRUE);
insert into anomalia values (DEFAULT, '( ( 10 , 10 ) , ( 20 , 20 ) )', 'PLACEHOlDER FOR BYTEA', 'Portuguese', '"L>g!GYowGpQbM{4`w5;.oqDF Yk,5Z<~eI:E,C"', TRUE);
insert into anomalia values (DEFAULT, '( ( 10 , 10 ) , ( 20 , 20 ) )', 'PLACEHOlDER FOR BYTEA', 'Czech', 'VTM6K', TRUE);
insert into anomalia_traducao values (12, '( ( 20 , 20 ) , ( 30 , 30 ) )', 'Deccan');
insert into anomalia values (DEFAULT, '( ( 10 , 10 ) , ( 20 , 20 ) )', 'PLACEHOlDER FOR BYTEA', 'Western', '"f(1$!F7Pl;-y!D@Ei~$a7*Bg,\.jfQ0;l"', TRUE);
insert into anomalia values (DEFAULT, '( ( 10 , 10 ) , ( 20 , 20 ) )', 'PLACEHOlDER FOR BYTEA', 'Bhojpuri', 'ZG(%A@!.4FrYhE4k{zDNna!^?\-am;Tv.I)a', TRUE);
insert into anomalia values (DEFAULT, '( ( 10 , 10 ) , ( 20 , 20 ) )', 'PLACEHOlDER FOR BYTEA', 'North', 'e;NFKPDz_oH%>hx}|5]h>>cD&<QVoC9a>L', TRUE);
insert into anomalia values (DEFAULT, '( ( 10 , 10 ) , ( 20 , 20 ) )', 'PLACEHOlDER FOR BYTEA', 'Dutch', '9$L!acXxI1nZhZ8', TRUE);
insert into anomalia values (DEFAULT, '( ( 10 , 10 ) , ( 20 , 20 ) )', 'PLACEHOlDER FOR BYTEA', 'Igbo', '"D/@R9RY+Dcm~]SmWy|I`2I!|*5Vz_iiR,i\qGo[^s]L5R%FW*; yZ;.oR-M"', TRUE);
insert into anomalia values (DEFAULT, '( ( 10 , 10 ) , ( 20 , 20 ) )', 'PLACEHOlDER FOR BYTEA', 'Western', '{-', TRUE);
insert into anomalia_traducao values (18, '( ( 20 , 20 ) , ( 30 , 30 ) )', 'English');
insert into anomalia values (DEFAULT, '( ( 10 , 10 ) , ( 20 , 20 ) )', 'PLACEHOlDER FOR BYTEA', 'Northern', 'd;eAw?MD#[_OuzurMd~Z3i', TRUE);
insert into anomalia values (DEFAULT, '( ( 10 , 10 ) , ( 20 , 20 ) )', 'PLACEHOlDER FOR BYTEA', 'Min', '@]%8-yZ6sA<mmDD3}|M>[9gp9WZj/4v`x*7MQ~S|9Cl}C{%4&#+yH=8F(`p', TRUE);
insert into anomalia values (DEFAULT, '( ( 10 , 10 ) , ( 20 , 20 ) )', 'PLACEHOlDER FOR BYTEA', 'Amharic', 'Cnd8Ckp7=;e671:}o:#PY7auh', TRUE);
insert into anomalia values (DEFAULT, '( ( 10 , 10 ) , ( 20 , 20 ) )', 'PLACEHOlDER FOR BYTEA', 'Moroccan', '3I.QPl3YA', TRUE);
insert into anomalia values (DEFAULT, '( ( 10 , 10 ) , ( 20 , 20 ) )', 'PLACEHOlDER FOR BYTEA', 'French', '"y56|!>]zy 6ZWU\yI)&gpT6xbk`mK&,F$:VX"', TRUE);
insert into anomalia values (DEFAULT, '( ( 10 , 10 ) , ( 20 , 20 ) )', 'PLACEHOlDER FOR BYTEA', 'Ukrainian', 'pD;v#wO_F!76>KdMCTKv9(zosc+E8LP%a', TRUE);
insert into anomalia_traducao values (24, '( ( 20 , 20 ) , ( 30 , 30 ) )', 'Algerian');
insert into anomalia values (DEFAULT, '( ( 10 , 10 ) , ( 20 , 20 ) )', 'PLACEHOlDER FOR BYTEA', 'Romanian', '"(bXHF#^T @HDI,DIy"', TRUE);
insert into anomalia values (DEFAULT, '( ( 10 , 10 ) , ( 20 , 20 ) )', 'PLACEHOlDER FOR BYTEA', 'Magahi', '"j,me{P&Xv&%vh&sGIwGKQC,]1yt5~$sT+=m"', TRUE);
insert into anomalia values (DEFAULT, '( ( 10 , 10 ) , ( 20 , 20 ) )', 'PLACEHOlDER FOR BYTEA', 'Xiang', 'K&NgN]', TRUE);
insert into anomalia values (DEFAULT, '( ( 10 , 10 ) , ( 20 , 20 ) )', 'PLACEHOlDER FOR BYTEA', 'Mesopotamian', '" ?d2`#)dHgY/cc=C+P/7(\/XJQULEQS{-+[OF{[d0q=c-B"', TRUE);
insert into anomalia values (DEFAULT, '( ( 10 , 10 ) , ( 20 , 20 ) )', 'PLACEHOlDER FOR BYTEA', 'Marathi', '+8\sl7xH8wU<t6+;9sHC4jkF@g{n; qI', TRUE);
insert into anomalia values (DEFAULT, '( ( 10 , 10 ) , ( 20 , 20 ) )', 'PLACEHOlDER FOR BYTEA', 'English', '%E1yO*e2s[lKND>>s(n$6A_|^5i U.0. R94[BG;a\', TRUE);
insert into anomalia_traducao values (30, '( ( 20 , 20 ) , ( 30 , 30 ) )', 'Gujarati');
insert into anomalia values (DEFAULT, '( ( 10 , 10 ) , ( 20 , 20 ) )', 'PLACEHOlDER FOR BYTEA', 'Yue', '>F+LsN{d.V?%v>I;{G7K??~WVi$jk)jZ^wrZ)6RTA>t7CbFg}x{:8i', TRUE);
insert into anomalia values (DEFAULT, '( ( 10 , 10 ) , ( 20 , 20 ) )', 'PLACEHOlDER FOR BYTEA', 'English', 'Y(=?g', TRUE);
insert into anomalia values (DEFAULT, '( ( 10 , 10 ) , ( 20 , 20 ) )', 'PLACEHOlDER FOR BYTEA', 'English', 'Cat:N6le~/Vz04*}K\R[_khZ-6>P%NSMBiyRZ6]W1hw}R`vA', TRUE);
insert into anomalia values (DEFAULT, '( ( 10 , 10 ) , ( 20 , 20 ) )', 'PLACEHOlDER FOR BYTEA', 'Kannada', '"wJqin36(WhGmpPUDl^ST{>79kh!sEA(odku,3ddkm9@%FoX{51,;"', TRUE);
insert into anomalia values (DEFAULT, '( ( 10 , 10 ) , ( 20 , 20 ) )', 'PLACEHOlDER FOR BYTEA', 'Sinhala', '":W^/O#EzSsT%\w{e.o/D.Ri?EEP#-t,J^FaI[d2Oz}6Jy-w"', TRUE);
insert into anomalia values (DEFAULT, '( ( 10 , 10 ) , ( 20 , 20 ) )', 'PLACEHOlDER FOR BYTEA', 'Rundi', '"^W&a6zMZnO#4~l&pI/gx|:R(90s:w0L5&,k4;\`7?-|ZG"', TRUE);
insert into anomalia_traducao values (36, '( ( 20 , 20 ) , ( 30 , 30 ) )', 'Sindhi');
insert into anomalia values (DEFAULT, '( ( 10 , 10 ) , ( 20 , 20 ) )', 'PLACEHOlDER FOR BYTEA', 'Mandarin', 'bGC{SV^7rbe#b2url]cRmekY\7#', TRUE);
insert into anomalia values (DEFAULT, '( ( 10 , 10 ) , ( 20 , 20 ) )', 'PLACEHOlDER FOR BYTEA', 'Deccan', 'tl#n%b&Z_:QysiB_uL8#Xw8GK!\', TRUE);
insert into anomalia values (DEFAULT, '( ( 10 , 10 ) , ( 20 , 20 ) )', 'PLACEHOlDER FOR BYTEA', 'Sinhala', '%2-<&/:wS}$p`b8sGMzG%Q8H3)Kp 4t=gWTFo-ml]9Z|aSu$(n4}Gpp', TRUE);
insert into anomalia values (DEFAULT, '( ( 10 , 10 ) , ( 20 , 20 ) )', 'PLACEHOlDER FOR BYTEA', 'Ukrainian', '!vU|/=58[_1t5BgnCn4D!u#|}', TRUE);
insert into anomalia values (DEFAULT, '( ( 10 , 10 ) , ( 20 , 20 ) )', 'PLACEHOlDER FOR BYTEA', 'Maithili', '5c^vHnhp=\ |j.o`_[^S^VpcOb|jSb!OnX3-[ly^@!5B)-:+3(0)/p+', TRUE);
insert into anomalia values (DEFAULT, '( ( 10 , 10 ) , ( 20 , 20 ) )', 'PLACEHOlDER FOR BYTEA', 'Hungarian', 'oFlP:n9IfD{Lq:o@pL', TRUE);
insert into anomalia_traducao values (42, '( ( 20 , 20 ) , ( 30 , 30 ) )', 'Xiang');
insert into anomalia values (DEFAULT, '( ( 10 , 10 ) , ( 20 , 20 ) )', 'PLACEHOlDER FOR BYTEA', 'Sudanese', '5nCzdR6N#WQ}VH5?', TRUE);
insert into anomalia values (DEFAULT, '( ( 10 , 10 ) , ( 20 , 20 ) )', 'PLACEHOlDER FOR BYTEA', 'Korean', '"^[pC[{lu4$*zBbb{S;.U]},{Ou"', TRUE);
insert into anomalia values (DEFAULT, '( ( 10 , 10 ) , ( 20 , 20 ) )', 'PLACEHOlDER FOR BYTEA', 'Khmer', '.h .XBZq#Qok4T=gxW7WRQKH^`mFAvR/>', TRUE);
insert into anomalia values (DEFAULT, '( ( 10 , 10 ) , ( 20 , 20 ) )', 'PLACEHOlDER FOR BYTEA', 'Taʽizzi-Adeni', 'dg!*N.C?.u*Ldl|zEA{t5z!B', TRUE);
insert into anomalia values (DEFAULT, '( ( 10 , 10 ) , ( 20 , 20 ) )', 'PLACEHOlDER FOR BYTEA', 'Western', 'V8*tN6Q7LG U7<c&kL@UuEY1C4s\<K0LO;N&]^)%nR(NE~\k)Q?\PGz:RE', TRUE);
insert into anomalia values (DEFAULT, '( ( 10 , 10 ) , ( 20 , 20 ) )', 'PLACEHOlDER FOR BYTEA', 'Taʽizzi-Adeni', '"N@Os yL#S`oy|,$<7Uz^e4m@[9z8Lg_p7&"', TRUE);
insert into anomalia_traducao values (48, '( ( 20 , 20 ) , ( 30 , 30 ) )', 'Nepali');
insert into anomalia values (DEFAULT, '( ( 10 , 10 ) , ( 20 , 20 ) )', 'PLACEHOlDER FOR BYTEA', 'Sylheti', '":/no;>J%^+vrc5?,(NT4<DX8IM(V%3u@/+55KK0a]{GhgB#3"', TRUE);
insert into anomalia values (DEFAULT, '( ( 10 , 10 ) , ( 20 , 20 ) )', 'PLACEHOlDER FOR BYTEA', 'Malay', '"TCVWB[9qBoTshyE$,,pye]V )"', TRUE);
insert into anomalia values (DEFAULT, '( ( 10 , 10 ) , ( 20 , 20 ) )', 'PLACEHOlDER FOR BYTEA', 'Thai', '2?O', TRUE);
insert into anomalia values (DEFAULT, '( ( 10 , 10 ) , ( 20 , 20 ) )', 'PLACEHOlDER FOR BYTEA', 'Maithili', 'sGGm)vFN#@oO96+pfQZ}GHh:Re94', TRUE);
insert into anomalia values (DEFAULT, '( ( 10 , 10 ) , ( 20 , 20 ) )', 'PLACEHOlDER FOR BYTEA', 'South', '*fp}EZrjP$ +%<ZGjF5E?U2y9-Q<iJy;`R%tw=zu!U[?\Bqr;2o@_gwr', TRUE);
insert into anomalia values (DEFAULT, '( ( 10 , 10 ) , ( 20 , 20 ) )', 'PLACEHOlDER FOR BYTEA', 'Rundi', '"Z+3uPSG2|GoWxC>,w&NDW_"', TRUE);
insert into anomalia_traducao values (54, '( ( 20 , 20 ) , ( 30 , 30 ) )', 'Iranian');
insert into anomalia values (DEFAULT, '( ( 10 , 10 ) , ( 20 , 20 ) )', 'PLACEHOlDER FOR BYTEA', 'Chittagonian', 'R0n:N3h|/.43oab[jo|3G6w2{#a*e?VY10_{m0N26 -K>K3', TRUE);
insert into anomalia values (DEFAULT, '( ( 10 , 10 ) , ( 20 , 20 ) )', 'PLACEHOlDER FOR BYTEA', 'Nigerian', '~jP\\&{\hQskMjA$(o@|>_qn', TRUE);
insert into anomalia values (DEFAULT, '( ( 10 , 10 ) , ( 20 , 20 ) )', 'PLACEHOlDER FOR BYTEA', 'Dutch', '@.2ZmwXh_0|nmV\]kFT*)[CK:', TRUE);
insert into anomalia values (DEFAULT, '( ( 10 , 10 ) , ( 20 , 20 ) )', 'PLACEHOlDER FOR BYTEA', 'Sanaani', '"r,f/O!1f-<t1ZTud(\@|Js>"', TRUE);
insert into anomalia values (DEFAULT, '( ( 10 , 10 ) , ( 20 , 20 ) )', 'PLACEHOlDER FOR BYTEA', 'German', '~_Rr>[BBAL.da4:_:PdJ*M-^()>yPtW^30)jrx', TRUE);
insert into anomalia values (DEFAULT, '( ( 10 , 10 ) , ( 20 , 20 ) )', 'PLACEHOlDER FOR BYTEA', 'Min', 'Qm7', TRUE);
insert into anomalia_traducao values (60, '( ( 20 , 20 ) , ( 30 , 30 ) )', 'Kazakh');
insert into anomalia values (DEFAULT, '( ( 10 , 10 ) , ( 20 , 20 ) )', 'PLACEHOlDER FOR BYTEA', 'Hungarian', 'lbco-u', TRUE);
insert into anomalia values (DEFAULT, '( ( 10 , 10 ) , ( 20 , 20 ) )', 'PLACEHOlDER FOR BYTEA', 'Egyptian', '"zWJ-9#Vs_zr&!Ib,)>EV(wL/)zRPeS8[tPRN/ n"', TRUE);
insert into anomalia values (DEFAULT, '( ( 10 , 10 ) , ( 20 , 20 ) )', 'PLACEHOlDER FOR BYTEA', 'Min', '"$;CjJXcAUEUB@%(3ieSai$v,Ys$m<tFG=yLeFT%SiF3#,-SmO{_f^V/fyTO*"', TRUE);
insert into anomalia values (DEFAULT, '( ( 10 , 10 ) , ( 20 , 20 ) )', 'PLACEHOlDER FOR BYTEA', 'Hindi', '(+=SNq2]&d4fz?*1fi/2wa!SrW^vz3BlNVj;k2B!Zq\Vo!b)BrL.o', TRUE);
insert into anomalia values (DEFAULT, '( ( 10 , 10 ) , ( 20 , 20 ) )', 'PLACEHOlDER FOR BYTEA', 'Min', '"$^A(Z:T3k-HX`&P&,Ys**5At|G`G{n+Jpi^psDHd#!p"', TRUE);
insert into anomalia values (DEFAULT, '( ( 10 , 10 ) , ( 20 , 20 ) )', 'PLACEHOlDER FOR BYTEA', 'Burmese', 'U5D)+Z2}J', TRUE);
insert into anomalia_traducao values (66, '( ( 20 , 20 ) , ( 30 , 30 ) )', 'Min');
insert into anomalia values (DEFAULT, '( ( 10 , 10 ) , ( 20 , 20 ) )', 'PLACEHOlDER FOR BYTEA', 'Tagalog', 'd?`%(ji7%ptTX5E', TRUE);
insert into anomalia values (DEFAULT, '( ( 10 , 10 ) , ( 20 , 20 ) )', 'PLACEHOlDER FOR BYTEA', 'Somali', 'e0il7a', TRUE);
insert into anomalia values (DEFAULT, '( ( 10 , 10 ) , ( 20 , 20 ) )', 'PLACEHOlDER FOR BYTEA', 'Tagalog', '"F (hN.!U@AT^=u0,Wf{KsqQb[]Nsy,tInhH^rfApuTHPtRW$,7"', TRUE);
insert into anomalia values (DEFAULT, '( ( 10 , 10 ) , ( 20 , 20 ) )', 'PLACEHOlDER FOR BYTEA', 'German', '"&q_G,uWU"', TRUE);
insert into anomalia values (DEFAULT, '( ( 10 , 10 ) , ( 20 , 20 ) )', 'PLACEHOlDER FOR BYTEA', 'Marathi', '"p(q2.0nbj}F{ ,(-&)-QKAI\)]E9&aJJ[$^"', TRUE);
insert into anomalia values (DEFAULT, '( ( 10 , 10 ) , ( 20 , 20 ) )', 'PLACEHOlDER FOR BYTEA', 'Min', ';.+', TRUE);
insert into anomalia_traducao values (72, '( ( 20 , 20 ) , ( 30 , 30 ) )', 'Sanaani');
insert into anomalia values (DEFAULT, '( ( 10 , 10 ) , ( 20 , 20 ) )', 'PLACEHOlDER FOR BYTEA', 'Korean', '$-7MjB|Es=5c*4r;Uzf.<sOx64U3a4O>', TRUE);
insert into anomalia values (DEFAULT, '( ( 10 , 10 ) , ( 20 , 20 ) )', 'PLACEHOlDER FOR BYTEA', 'Marathi', '"LN,pZf 9ENp_6I)nf |\3`W?7QD`CsjU{g7W!"', TRUE);
insert into anomalia values (DEFAULT, '( ( 10 , 10 ) , ( 20 , 20 ) )', 'PLACEHOlDER FOR BYTEA', 'Rundi', '"<yF?^o=S:3=7+0!M,empXDTZV!^^;cxXMp}ox,<pI?ra[{_Q6; eVG94m"', TRUE);
insert into anomalia values (DEFAULT, '( ( 10 , 10 ) , ( 20 , 20 ) )', 'PLACEHOlDER FOR BYTEA', 'Sudanese', '=R=gW7sY!?Ds!c;kIoJG', TRUE);
insert into anomalia values (DEFAULT, '( ( 10 , 10 ) , ( 20 , 20 ) )', 'PLACEHOlDER FOR BYTEA', 'Burmese', '"l/&CngGSC.JX]<,}=x*0*DiVM"', TRUE);
insert into anomalia values (DEFAULT, '( ( 10 , 10 ) , ( 20 , 20 ) )', 'PLACEHOlDER FOR BYTEA', 'Mesopotamian', 'A_)STkMPR6S)4t&UzF9^mK\- Ug)~1ycRnWC*d0.:Zzp8d', TRUE);
insert into anomalia_traducao values (78, '( ( 20 , 20 ) , ( 30 , 30 ) )', 'Dutch');
insert into anomalia values (DEFAULT, '( ( 10 , 10 ) , ( 20 , 20 ) )', 'PLACEHOlDER FOR BYTEA', 'Ukrainian', '"wSho},;g(:9Vi|Vis>Xzs0d))1(r"', TRUE);
insert into anomalia values (DEFAULT, '( ( 10 , 10 ) , ( 20 , 20 ) )', 'PLACEHOlDER FOR BYTEA', 'Czech', '"8Jq(i*2_\d81%1&`g,oP{2iBozt>D6Dt4Ok;/Ag1"', TRUE);
insert into anomalia values (DEFAULT, '( ( 10 , 10 ) , ( 20 , 20 ) )', 'PLACEHOlDER FOR BYTEA', 'Magahi', '::c`M', TRUE);
insert into anomalia values (DEFAULT, '( ( 10 , 10 ) , ( 20 , 20 ) )', 'PLACEHOlDER FOR BYTEA', 'Tagalog', '"A__=r2^4 "', TRUE);
insert into anomalia values (DEFAULT, '( ( 10 , 10 ) , ( 20 , 20 ) )', 'PLACEHOlDER FOR BYTEA', 'South', '"Dm46t}fRf7z7clT8_W?|85]]d.[rzjeg3j,yW\f@C|7A7<"', TRUE);
insert into anomalia values (DEFAULT, '( ( 10 , 10 ) , ( 20 , 20 ) )', 'PLACEHOlDER FOR BYTEA', 'Italian', '', TRUE);
insert into anomalia_traducao values (84, '( ( 20 , 20 ) , ( 30 , 30 ) )', 'Uyghur');
insert into anomalia values (DEFAULT, '( ( 10 , 10 ) , ( 20 , 20 ) )', 'PLACEHOlDER FOR BYTEA', 'Vietnamese', ')[vu0q*Jhn3*z/C[$sho=zpMG85P:\zFSjaHo8y+=c{$G[C\HR+{>\W2vP', TRUE);
insert into anomalia values (DEFAULT, '( ( 10 , 10 ) , ( 20 , 20 ) )', 'PLACEHOlDER FOR BYTEA', 'Zulu', '"4%,{Uc{Uk)PEQ~Oa,~],"', TRUE);
insert into anomalia values (DEFAULT, '( ( 10 , 10 ) , ( 20 , 20 ) )', 'PLACEHOlDER FOR BYTEA', 'Kinyarwanda', 'CHcRD<Aw5Qzk+v;dO', TRUE);
insert into anomalia values (DEFAULT, '( ( 10 , 10 ) , ( 20 , 20 ) )', 'PLACEHOlDER FOR BYTEA', 'South', '"IH^Z32+0,WpU}jYL}\Z.$"', TRUE);
insert into anomalia values (DEFAULT, '( ( 10 , 10 ) , ( 20 , 20 ) )', 'PLACEHOlDER FOR BYTEA', 'Nigerian', 'H e)B+<d?>T/gNR@-S#<_Ic*j', TRUE);
insert into anomalia values (DEFAULT, '( ( 10 , 10 ) , ( 20 , 20 ) )', 'PLACEHOlDER FOR BYTEA', 'Jin', '"$,a(gKD-VyffAIqaI:2jIP$JH^sw-z<L3xsgLJ/zm$XcZ}J]L"', TRUE);
insert into anomalia_traducao values (90, '( ( 20 , 20 ) , ( 30 , 30 ) )', 'Nigerian');
insert into anomalia values (DEFAULT, '( ( 10 , 10 ) , ( 20 , 20 ) )', 'PLACEHOlDER FOR BYTEA', 'Italian', '"Zk0_*|..@*~-ooStnTrWXd "', TRUE);
insert into anomalia values (DEFAULT, '( ( 10 , 10 ) , ( 20 , 20 ) )', 'PLACEHOlDER FOR BYTEA', 'Chittagonian', 'xx-($4!>*1`|wjUIJEHZLe8Bia!-', TRUE);
insert into anomalia values (DEFAULT, '( ( 10 , 10 ) , ( 20 , 20 ) )', 'PLACEHOlDER FOR BYTEA', 'Rundi', '"vi2W2qMv:p^,fa]4WBL]D.e_rUW#j:#\rhcRH=lmf "', TRUE);
insert into anomalia values (DEFAULT, '( ( 10 , 10 ) , ( 20 , 20 ) )', 'PLACEHOlDER FOR BYTEA', 'Gujarati', '"bT/r~)U<,!4\Ar7Sb!TSh+vlBw;>|3RMyP"', TRUE);
insert into anomalia values (DEFAULT, '( ( 10 , 10 ) , ( 20 , 20 ) )', 'PLACEHOlDER FOR BYTEA', 'Ukrainian', '"psoItK:JY3(z)Li*SJ4@E,V,ianR)?"', TRUE);
insert into anomalia values (DEFAULT, '( ( 10 , 10 ) , ( 20 , 20 ) )', 'PLACEHOlDER FOR BYTEA', 'Tamil', '"oA{Y[F,a9|u:<E>+"', TRUE);
insert into anomalia_traducao values (96, '( ( 20 , 20 ) , ( 30 , 30 ) )', 'Uyghur');
insert into anomalia values (DEFAULT, '( ( 10 , 10 ) , ( 20 , 20 ) )', 'PLACEHOlDER FOR BYTEA', 'Chhattisgarhi', '";tKrMAp^:}Mmw?ZKY,O[$+d,R6h?\2\Rnd~<ue3^%j=/jfL]+,-O"', TRUE);
insert into anomalia values (DEFAULT, '( ( 10 , 10 ) , ( 20 , 20 ) )', 'PLACEHOlDER FOR BYTEA', 'Jin', 'BlK13sfWSJ*& 5=)\Aj-', TRUE);
insert into anomalia values (DEFAULT, '( ( 10 , 10 ) , ( 20 , 20 ) )', 'PLACEHOlDER FOR BYTEA', 'Saraiki', 'vA<~9t', TRUE);
insert into anomalia values (DEFAULT, '( ( 10 , 10 ) , ( 20 , 20 ) )', 'PLACEHOlDER FOR BYTEA', 'Hungarian', 'WE.\w3@BxK2$vReEt`&;GKMuiU7', TRUE);
insert into anomalia values (DEFAULT, '( ( 10 , 10 ) , ( 20 , 20 ) )', 'PLACEHOlDER FOR BYTEA', 'Algerian', 'wW>Il5fdHZA>A6?)D*; W-*:[\*~L<h{|uUb0YmrNbB:b>V4P>J', TRUE);
insert into incidencia values (33, 4, 'cake');
insert into incidencia values (71, 8, 'president');
insert into incidencia values (6, 2, 'separate');
insert into incidencia values (63, 12, 'alive');
insert into incidencia values (92, 4, 'horse');
insert into incidencia values (15, 10, 'powder');
insert into incidencia values (54, 15, 'die');
insert into incidencia values (32, 16, 'organized');
insert into incidencia values (53, 10, 'aware');
insert into incidencia values (4, 6, 'return');
insert into incidencia values (35, 10, 'die');
insert into incidencia values (79, 17, 'bent');
insert into incidencia values (74, 15, 'return');
insert into incidencia values (45, 17, 'separate');
insert into incidencia values (76, 2, 'return');
insert into incidencia values (16, 13, 'organized');
insert into incidencia values (86, 18, 'against');
insert into incidencia values (19, 2, 'facing');
insert into incidencia values (8, 2, 'especially');
insert into incidencia values (85, 11, 'facing');
insert into incidencia values (97, 7, 'die');
insert into incidencia values (44, 15, 'decide');
insert into incidencia values (41, 6, 'return');
insert into incidencia values (64, 9, 'organized');
insert into incidencia values (78, 11, 'bent');
insert into incidencia values (25, 10, 'bent');
insert into incidencia values (49, 8, 'organized');
insert into incidencia values (1, 1, 'whatever');
insert into incidencia values (30, 3, 'early');
insert into incidencia values (24, 12, 'bad');
insert into incidencia values (67, 1, 'especially');
insert into incidencia values (59, 13, 'early');
insert into incidencia values (42, 5, 'beautiful');
insert into incidencia values (100, 9, 'facing');
insert into incidencia values (93, 7, 'cake');
insert into incidencia values (27, 12, 'live');
insert into incidencia values (83, 7, 'bent');
insert into incidencia values (48, 10, 'alive');
insert into incidencia values (26, 11, 'scene');
insert into incidencia values (94, 18, 'bad');
insert into incidencia values (69, 13, 'sea');
insert into incidencia values (34, 10, 'separate');
insert into incidencia values (20, 14, 'stone');
insert into incidencia values (72, 5, 'return');
insert into incidencia values (88, 8, 'aware');
insert into incidencia values (68, 8, 'decide');
insert into incidencia values (10, 14, 'cake');
insert into incidencia values (52, 1, 'president');
insert into incidencia values (14, 9, 'separate');
insert into incidencia values (46, 17, 'powder');
insert into incidencia values (9, 4, 'die');
insert into proposta_de_correcao values ('powder', 1, '2019-11-25 11:32:52.804486', '";th`Zo#8}?{:Sr|B:/{5+<,/k5Vd><CbV"');
insert into correcao values ('powder', 1, 6);
insert into proposta_de_correcao values ('whatever', 2, '2019-11-25 11:32:52.804507', '<;/ &D57}sdJ3)|(n?&duJ)z@uNE=$N8&?%|#q`W+S&<F)A2}');
insert into correcao values ('whatever', 2, 9);
insert into proposta_de_correcao values ('decide', 3, '2019-11-25 11:32:52.804517', '",0;Mt~"');
insert into correcao values ('decide', 3, 67);
insert into proposta_de_correcao values ('sense', 4, '2019-11-25 11:32:52.804525', '"3RE6e=/9L)cR0\8VIpgCYI9j~8=.7OBOj *TeC_{ndc]Ht{,0pes;z|f[vuP0`"');
insert into correcao values ('sense', 4, 46);
insert into proposta_de_correcao values ('aware', 5, '2019-11-25 11:32:52.804534', 'asdZ}HAW)U u7z-l');
insert into correcao values ('aware', 5, 59);
insert into proposta_de_correcao values ('separate', 6, '2019-11-25 11:32:52.804542', 'Jr77mVP?<9U<TnAcXt;K.K1~A');
insert into correcao values ('separate', 6, 97);
insert into proposta_de_correcao values ('cake', 7, '2019-11-25 11:32:52.804551', '"vTpD;!Tm:RMk~GJ;@Lm@^,M4: ~H&;(X9G5@[\=&6bP`7.Vri"');
insert into correcao values ('cake', 7, 4);
insert into proposta_de_correcao values ('bad', 8, '2019-11-25 11:32:52.804559', 'xN;\w~hhk6Mp[\}\LF7(/Cb%:Dov<mq$~BC}^TinZHzu8Z(t4N}hm');
insert into correcao values ('bad', 8, 42);
insert into proposta_de_correcao values ('bent', 9, '2019-11-25 11:32:52.804568', 'q01rD2HIs');
insert into correcao values ('bent', 9, 16);
